date,temperature_max,temperature_min,precipitation_mm
2013-01-02,15.6,10.8,4.0
2013-01-03,16.5,10.8,4.5
2013-01-04,15.9,10.9,3.8
2013-01-05,16.3,11.2,1.8
2013-01-06,18.5,11.2,1.0
2013-01-07,17.0,10.7,1.6
2013-01-08,18.4,7.2,0.1
2013-01-09,17.5,11.5,3.4
2013-01-10,18.4,11.8,2.4
2013-01-11,17.8,11.8,10.4
2013-01-12,13.9,10.4,11.4
2013-01-13,14.8,9.7,8.1
2013-01-14,14.6,10.6,10.2
2013-01-15,14.8,9.4,8.1
2013-01-16,15.2,9.5,8.7
2013-01-17,14.9,10.4,10.4
2013-01-18,14.9,10.4,5.5
2013-01-19,16.1,10.2,2.2
2013-01-20,17.5,9.9,3.1
2013-01-21,16.8,10.2,4.4
2013-01-22,16.2,10.8,4.2
2013-01-23,16.0,10.3,15.8
2013-01-24,13.5,10.4,15.1
2013-01-25,15.0,9.4,13.4
2013-01-26,16.0,9.8,8.3
2013-01-27,16.9,9.3,3.9
2013-01-28,16.9,10.5,4.9
2013-01-29,16.4,10.6,10.5
2013-01-30,16.9,9.1,3.1
2013-01-31,16.0,11.0,7.4
2013-02-01,14.9,10.4,13.2
2013-02-02,14.4,10.5,12.6
2013-02-03,14.8,8.7,14.8
2013-02-04,13.1,10.0,28.1
2013-02-05,12.8,9.9,16.1
2013-02-06,15.4,9.6,12.5
2013-02-07,16.1,9.6,11.3
2013-02-08,15.7,10.0,13.4
2013-02-09,12.6,9.6,25.5
2013-02-10,13.9,7.8,7.7
2013-02-11,13.1,8.6,18.3
2013-02-12,13.4,9.4,19.5
2013-02-13,14.7,6.6,10.7
2013-02-14,13.7,8.9,21.4
2013-02-15,15.9,7.1,5.7
2013-02-16,15.3,7.7,9.3
2013-02-17,14.3,9.2,14.2
2013-02-18,14.2,9.1,10.7
2013-02-19,15.1,10.8,10.3
2013-02-20,16.3,10.2,4.3
2013-02-21,15.3,10.8,7.1
2013-02-22,15.8,10.6,11.8
2013-02-23,16.2,10.5,5.0
2013-02-24,16.4,9.6,10.5
2013-02-25,16.1,9.2,6.3
2013-02-26,15.9,9.2,4.1
2013-02-27,17.0,10.5,6.8
2013-02-28,15.7,10.3,6.9
2013-03-01,14.9,10.5,12.8
2013-03-02,15.3,10.5,18.6
2013-03-03,16.9,10.7,18.4
2013-03-04,16.4,11.5,7.8
2013-03-05,16.5,10.3,8.4
2013-03-06,15.5,9.7,11.8
2013-03-07,15.8,9.0,2.0
2013-03-08,16.6,8.2,1.8
2013-03-09,15.5,9.8,10.9
2013-03-10,17.1,9.8,11.5
2013-03-11,17.5,11.3,21.0
2013-03-12,16.2,10.3,6.6
2013-03-13,15.6,10.6,14.8
2013-03-14,15.0,10.4,13.0
2013-03-15,16.1,10.4,16.4
2013-03-16,17.5,10.7,14.9
2013-03-17,14.6,10.2,10.5
2013-03-18,13.8,9.7,10.1
2013-03-19,15.7,8.0,12.6
2013-03-20,15.5,8.1,9.5
2013-03-21,14.7,9.7,14.5
2013-03-22,15.7,8.4,11.8
2013-03-23,15.5,7.8,11.4
2013-03-24,16.4,8.3,15.8
2013-03-25,17.4,8.8,5.6
2013-03-26,16.7,9.5,3.0
2013-03-27,16.5,9.7,3.0
2013-03-28,16.7,9.2,7.9
2013-03-29,15.0,10.3,13.1
2013-03-30,17.0,10.1,4.3
2013-03-31,17.4,10.8,1.6
2013-04-01,17.8,9.1,2.5
2013-04-02,15.7,10.2,25.6
2013-04-03,16.2,9.2,4.1
2013-04-04,15.5,10.1,6.0
2013-04-05,14.8,10.1,8.4
2013-04-06,16.9,7.5,3.1
2013-04-07,16.9,10.8,1.8
2013-04-08,16.5,9.2,4.6
2013-04-09,17.2,9.6,7.1
2013-04-10,16.3,8.8,9.6
2013-04-11,15.3,10.8,14.9
2013-04-12,17.3,8.3,3.5
2013-04-13,16.8,10.2,2.5
2013-04-14,16.2,11.0,13.4
2013-04-15,16.2,11.0,13.1
2013-04-16,17.0,8.9,10.5
2013-04-17,17.0,10.8,14.1
2013-04-18,16.2,10.1,8.0
2013-04-19,17.3,10.3,12.7
2013-04-20,13.4,10.0,20.9
2013-04-21,14.3,8.0,17.5
2013-04-22,15.0,8.5,18.7
2013-04-23,15.7,9.8,14.7
2013-04-24,18.2,7.6,1.4
2013-04-25,16.1,6.8,3.4
2013-04-26,15.8,5.4,7.3
2013-04-27,14.6,9.4,10.4
2013-04-28,14.4,8.1,11.2
2013-04-29,16.2,7.2,7.1
2013-04-30,16.7,8.6,11.4
2013-05-01,15.1,10.1,8.4
2013-05-02,15.8,8.4,13.4
2013-05-03,16.8,8.4,10.4
2013-05-04,16.7,8.0,14.0
2013-05-05,13.0,10.5,12.2
2013-05-06,15.2,8.7,10.7
2013-05-07,15.5,9.8,12.3
2013-05-08,15.5,8.5,14.2
2013-05-09,15.3,8.8,7.5
2013-05-10,15.5,7.2,10.5
2013-05-11,16.8,8.3,6.6
2013-05-12,15.8,10.5,14.1
2013-05-13,16.7,10.8,2.5
2013-05-14,15.2,10.3,12.6
2013-05-15,15.3,10.0,22.8
2013-05-16,15.2,9.5,20.5
2013-05-17,15.6,10.1,3.4
2013-05-18,16.6,10.6,1.3
2013-05-19,15.7,10.9,8.6
2013-05-20,15.1,10.6,16.8
2013-05-21,13.9,10.1,19.7
2013-05-22,15.0,9.0,10.0
2013-05-23,14.9,9.2,6.8
2013-05-24,14.8,8.9,10.1
2013-05-25,16.1,8.4,12.3
2013-05-26,13.6,9.4,13.4
2013-05-27,15.5,7.6,10.9
2013-05-28,14.2,8.6,14.2
2013-05-29,15.4,7.1,10.3
2013-05-30,15.1,8.8,11.5
2013-05-31,13.5,7.3,12.4
2013-06-01,16.0,5.6,10.4
2013-06-02,17.3,8.2,1.3
2013-06-03,17.6,8.3,0.0
2013-06-04,18.0,9.2,1.4
2013-06-05,17.0,8.9,2.1
2013-06-06,17.7,6.3,1.8
2013-06-07,17.5,9.0,0.7
2013-06-08,17.7,8.5,0.0
2013-06-09,16.7,10.4,0.6
2013-06-10,18.1,8.4,0.4
2013-06-11,14.2,8.6,3.4
2013-06-12,17.0,9.4,1.4
2013-06-13,17.1,10.9,1.6
2013-06-14,16.5,11.2,2.5
2013-06-15,17.1,10.5,1.0
2013-06-16,18.7,9.6,0.8
2013-06-17,16.6,8.9,3.2
2013-06-18,15.3,10.4,2.9
2013-06-19,16.6,10.8,1.1
2013-06-20,18.0,9.4,2.4
2013-06-21,18.5,6.4,1.7
2013-06-22,16.9,9.0,3.2
2013-06-23,17.4,8.4,5.0
2013-06-24,17.4,11.0,1.4
2013-06-25,15.6,10.8,4.4
2013-06-26,14.9,10.5,3.0
2013-06-27,16.9,8.8,1.8
2013-06-28,16.8,9.4,12.0
2013-06-29,15.4,6.2,8.7
2013-06-30,14.4,8.4,6.6
2013-07-01,15.2,7.4,9.9
2013-07-02,15.5,8.4,6.9
2013-07-03,14.7,8.5,8.1
2013-07-04,14.6,7.3,9.7
2013-07-05,15.6,7.2,1.2
2013-07-06,16.7,10.4,1.3
2013-07-07,16.9,9.9,3.4
2013-07-08,15.2,8.8,1.8
2013-07-09,15.5,9.0,0.8
2013-07-10,15.1,8.9,2.2
2013-07-11,16.2,7.4,1.1
2013-07-12,14.9,9.4,1.3
2013-07-13,15.9,9.8,1.0
2013-07-14,16.4,11.0,1.9
2013-07-15,17.8,10.2,1.1
2013-07-16,16.5,8.5,0.7
2013-07-17,15.8,10.1,1.6
2013-07-18,15.8,8.1,2.3
2013-07-19,15.7,7.6,0.4
2013-07-20,16.7,8.2,0.1
2013-07-21,17.7,10.4,1.1
2013-07-22,16.3,7.9,0.8
2013-07-23,17.8,9.9,0.5
2013-07-24,18.3,9.2,0.6
2013-07-25,16.4,9.4,2.5
2013-07-26,18.6,9.8,0.1
2013-07-27,18.2,9.7,0.3
2013-07-28,17.9,7.8,0.4
2013-07-29,16.2,9.0,0.1
2013-07-30,18.1,7.0,2.1
2013-07-31,14.8,9.5,2.1
2013-08-01,16.1,8.7,1.2
2013-08-02,17.3,9.6,0.0
2013-08-03,17.2,11.1,0.9
2013-08-04,18.5,9.9,1.1
2013-08-05,18.1,7.7,0.4
2013-08-06,19.1,9.6,1.5
2013-08-07,16.8,10.2,3.8
2013-08-08,15.1,8.6,11.0
2013-08-09,15.8,8.9,6.4
2013-08-10,14.0,9.0,8.6
2013-08-11,15.4,9.3,9.0
2013-08-12,15.3,9.5,7.6
2013-08-13,16.9,9.3,3.0
2013-08-14,17.3,8.2,0.7
2013-08-15,16.4,10.0,3.6
2013-08-16,17.3,9.3,7.2
2013-08-17,18.5,8.0,3.7
2013-08-18,17.2,9.4,8.3
2013-08-19,15.6,8.1,6.2
2013-08-20,18.6,8.3,1.8
2013-08-21,17.7,9.4,2.8
2013-08-22,16.6,8.6,2.9
2013-08-23,16.4,9.7,4.9
2013-08-24,15.7,8.4,6.8
2013-08-25,17.0,8.2,15.2
2013-08-26,16.1,10.3,4.9
2013-08-27,18.1,9.2,3.8
2013-08-28,17.5,8.7,2.9
2013-08-29,17.0,7.9,0.2
2013-08-30,18.0,6.6,1.3
2013-08-31,18.6,9.0,1.0
2013-09-01,17.6,8.9,4.4
2013-09-02,14.5,6.8,12.7
2013-09-03,14.8,7.4,11.6
2013-09-04,16.5,6.2,6.5
2013-09-05,17.0,7.6,5.3
2013-09-06,15.6,8.4,12.2
2013-09-07,16.4,7.5,11.0
2013-09-08,16.8,10.0,6.2
2013-09-09,16.1,9.5,3.6
2013-09-10,15.5,10.1,2.7
2013-09-11,15.8,8.6,9.9
2013-09-12,14.6,8.1,11.1
2013-09-13,17.1,7.6,9.5
2013-09-14,17.5,9.2,4.1
2013-09-15,19.0,10.2,6.2
2013-09-16,17.9,10.3,5.5
2013-09-17,15.8,10.3,16.8
2013-09-18,16.9,9.1,6.3
2013-09-19,16.8,9.2,3.4
2013-09-20,18.7,8.3,2.5
2013-09-21,18.0,9.6,1.8
2013-09-22,19.1,9.1,1.1
2013-09-23,20.1,9.6,0.7
2013-09-24,18.5,10.3,2.2
2013-09-25,18.1,9.8,13.1
2013-09-26,16.8,8.4,9.3
2013-09-27,18.3,10.3,11.9
2013-09-28,15.8,10.0,9.8
2013-09-29,14.3,9.8,16.3
2013-09-30,15.2,9.3,10.9
2013-10-01,16.7,6.2,2.3
2013-10-02,16.7,9.0,7.9
2013-10-03,17.1,9.9,9.3
2013-10-04,18.0,8.8,4.0
2013-10-05,18.9,9.1,1.2
2013-10-06,17.5,10.0,5.2
2013-10-07,17.8,6.7,5.1
2013-10-08,18.4,7.6,3.9
2013-10-09,17.2,8.5,11.8
2013-10-10,14.9,9.4,7.2
2013-10-11,16.1,7.9,5.3
2013-10-12,15.8,10.0,9.3
2013-10-13,14.8,9.3,15.2
2013-10-14,14.3,9.3,21.7
2013-10-15,15.9,8.4,13.8
2013-10-16,14.2,7.5,13.4
2013-10-17,16.2,7.7,7.9
2013-10-18,16.3,5.7,10.6
2013-10-19,17.4,8.3,3.2
2013-10-20,15.9,9.9,11.5
2013-10-21,16.0,8.1,11.8
2013-10-22,14.6,7.8,12.5
2013-10-23,16.4,8.2,6.1
2013-10-24,16.5,8.7,4.0
2013-10-25,17.2,10.5,3.6
2013-10-26,16.0,9.9,9.6
2013-10-27,15.9,8.7,7.3
2013-10-28,16.5,7.6,3.0
2013-10-29,15.6,9.5,7.3
2013-10-30,15.7,9.5,9.7
2013-10-31,15.1,7.3,5.1
2013-11-01,14.7,6.1,0.0
2013-11-02,14.4,6.2,0.0
2013-11-03,16.0,4.1,0.3
2013-11-04,15.4,8.8,0.1
2013-11-05,16.0,10.4,3.4
2013-11-06,14.9,10.1,11.3
2013-11-07,14.5,7.0,8.6
2013-11-08,14.8,6.8,7.7
2013-11-09,14.7,8.9,12.7
2013-11-10,15.6,9.8,8.7
2013-11-11,16.1,10.6,13.4
2013-11-12,16.4,10.1,5.3
2013-11-13,16.2,7.8,7.1
2013-11-14,15.5,9.9,10.7
2013-11-15,16.6,7.6,9.4
2013-11-16,16.1,10.3,7.9
2013-11-17,15.3,10.3,10.1
2013-11-18,16.1,9.9,10.3
2013-11-19,15.1,8.9,6.2
2013-11-20,14.0,8.5,4.2
2013-11-21,14.9,6.9,10.7
2013-11-22,13.9,8.6,9.2
2013-11-23,14.8,9.6,16.9
2013-11-24,14.7,9.1,13.1
2013-11-25,14.4,6.6,11.5
2013-11-26,13.8,7.8,8.2
2013-11-27,14.3,8.6,6.3
2013-11-28,15.6,5.2,3.5
2013-11-29,14.5,9.0,9.6
2013-11-30,15.0,7.4,4.4
2013-12-01,15.6,8.4,1.5
2013-12-02,15.3,9.6,2.2
2013-12-03,15.8,8.2,8.2
2013-12-04,16.6,9.9,6.5
2013-12-05,15.6,10.2,7.7
2013-12-06,15.8,8.5,7.9
2013-12-07,15.5,7.6,7.9
2013-12-08,16.2,9.0,15.1
2013-12-09,14.4,9.0,16.6
2013-12-10,14.8,8.9,5.6
2013-12-11,16.2,9.9,6.8
2013-12-12,16.1,8.8,2.4
2013-12-13,16.7,9.5,12.9
2013-12-14,17.0,10.4,9.5
2013-12-15,17.2,10.2,2.6
2013-12-16,16.1,10.4,6.9
2013-12-17,14.9,9.6,11.0
2013-12-18,14.7,9.9,22.3
2013-12-19,14.5,9.7,17.0
2013-12-20,14.4,9.4,5.6
2013-12-21,15.6,8.4,4.9
2013-12-22,14.6,10.1,8.6
2013-12-23,15.7,8.9,5.8
2013-12-24,15.0,9.5,11.7
2013-12-25,14.7,7.4,2.2
2013-12-26,14.4,9.0,3.1
2013-12-27,17.8,9.8,2.2
2013-12-28,20.1,9.1,1.2
2013-12-29,17.0,10.3,4.2
2013-12-30,17.2,9.9,5.4
2013-12-31,15.7,8.6,9.4
2014-01-01,16.3,9.5,9.0
2014-01-02,15.6,7.7,2.7
2014-01-03,16.0,9.5,3.2
2014-01-04,16.5,10.8,5.3
2014-01-05,15.0,11.5,9.2
2014-01-06,15.1,10.3,17.3
2014-01-07,13.3,9.7,22.7
2014-01-08,13.5,9.4,21.5
2014-01-09,14.0,9.5,9.2
2014-01-10,16.3,9.1,9.1
2014-01-11,14.2,9.9,9.8
2014-01-12,14.6,9.5,12.1
2014-01-13,16.8,7.5,2.2
2014-01-14,14.7,10.8,3.8
2014-01-15,15.6,9.6,2.4
2014-01-16,16.3,9.7,2.4
2014-01-17,16.8,10.6,3.2
2014-01-18,15.0,10.2,10.7
2014-01-19,15.3,10.7,17.5
2014-01-20,15.1,10.3,15.5
2014-01-21,14.2,9.7,8.6
2014-01-22,13.6,9.9,12.4
2014-01-23,16.3,8.9,2.7
2014-01-24,16.1,9.0,6.4
2014-01-25,15.1,9.3,15.2
2014-01-26,13.7,8.5,3.6
2014-01-27,14.4,8.4,1.4
2014-01-28,15.8,10.4,20.2
2014-01-29,13.3,10.5,25.6
2014-01-30,13.3,10.0,18.7
2014-01-31,15.6,8.1,4.2
2014-02-01,15.6,9.3,5.6
2014-02-02,14.9,9.5,9.1
2014-02-03,15.5,10.3,5.1
2014-02-04,14.4,9.9,15.4
2014-02-05,13.4,9.1,11.8
2014-02-06,15.4,7.6,8.2
2014-02-07,15.0,8.3,5.6
2014-02-08,14.7,9.8,9.4
2014-02-09,15.1,8.0,2.5
2014-02-10,15.8,10.0,2.5
2014-02-11,15.2,10.3,7.5
2014-02-12,14.6,10.1,10.5
2014-02-13,15.2,8.8,19.0
2014-02-14,15.4,9.5,16.1
2014-02-15,15.5,10.0,4.6
2014-02-16,15.7,10.3,10.2
2014-02-17,14.4,9.3,12.6
2014-02-18,15.0,9.2,13.3
2014-02-19,16.1,10.5,18.2
2014-02-20,15.1,9.0,12.2
2014-02-21,14.4,10.1,12.9
2014-02-22,15.4,10.2,7.6
2014-02-23,15.6,10.2,9.3
2014-02-24,15.2,10.0,10.5
2014-02-25,14.6,10.4,8.8
2014-02-26,15.6,10.2,4.8
2014-02-27,15.0,10.9,7.7
2014-02-28,15.1,9.7,13.6
2014-03-01,15.3,9.5,10.2
2014-03-02,14.2,8.8,6.4
2014-03-03,12.8,8.9,25.9
2014-03-04,14.6,7.0,9.1
2014-03-05,12.2,9.6,8.0
2014-03-06,14.5,8.6,2.4
2014-03-07,14.5,9.5,11.9
2014-03-08,15.0,8.4,11.9
2014-03-09,12.3,9.1,19.2
2014-03-10,14.9,7.1,5.6
2014-03-11,14.1,8.1,7.3
2014-03-12,15.4,8.4,12.7
2014-03-13,14.0,9.8,2.7
2014-03-14,14.7,9.4,6.7
2014-03-15,13.9,9.6,8.3
2014-03-16,15.2,9.1,16.8
2014-03-17,15.3,8.7,18.2
2014-03-18,15.4,9.0,3.9
2014-03-19,17.1,9.2,2.5
2014-03-20,16.1,10.7,28.9
2014-03-21,14.9,10.2,36.7
2014-03-22,15.5,9.1,12.2
2014-03-23,17.1,9.8,7.8
2014-03-24,13.6,9.7,16.0
2014-03-25,15.3,9.6,17.9
2014-03-26,14.4,9.0,10.9
2014-03-27,17.1,8.7,4.3
2014-03-28,16.7,9.2,6.0
2014-03-29,15.3,9.0,6.6
2014-03-30,14.6,9.5,14.7
2014-03-31,16.8,5.8,5.0
2014-04-01,18.6,7.5,0.7
2014-04-02,16.5,6.7,1.2
2014-04-03,16.0,10.6,8.6
2014-04-04,15.9,8.7,13.4
2014-04-05,17.6,10.2,1.5
2014-04-06,17.1,9.4,1.8
2014-04-07,17.0,10.4,3.0
2014-04-08,15.9,10.3,2.4
2014-04-09,16.2,10.0,3.1
2014-04-10,15.2,9.4,9.3
2014-04-11,17.1,10.0,2.9
2014-04-12,16.4,10.5,8.4
2014-04-13,18.2,8.6,3.7
2014-04-14,17.1,9.1,6.5
2014-04-15,14.5,11.0,8.2
2014-04-16,16.4,10.0,10.2
2014-04-17,16.2,8.0,5.2
2014-04-18,16.8,8.1,8.0
2014-04-19,15.8,9.3,9.6
2014-04-20,15.9,9.6,7.3
2014-04-21,15.6,9.3,3.6
2014-04-22,15.4,10.0,6.7
2014-04-23,15.3,8.4,12.3
2014-04-24,15.6,8.8,8.1
2014-04-25,16.4,9.6,7.3
2014-04-26,15.1,10.0,12.8
2014-04-27,16.0,9.3,11.2
2014-04-28,17.0,6.7,14.5
2014-04-29,15.0,9.7,10.0
2014-04-30,16.5,7.3,13.4
2014-05-01,16.5,7.7,13.3
2014-05-02,16.0,6.9,20.0
2014-05-03,15.0,9.6,11.2
2014-05-04,13.5,9.1,17.2
2014-05-05,16.6,6.9,8.2
2014-05-06,15.3,10.0,12.7
2014-05-07,14.7,10.2,11.1
2014-05-08,13.7,9.5,15.0
2014-05-09,13.8,9.0,9.9
2014-05-10,14.3,9.4,9.7
2014-05-11,14.4,9.5,11.2
2014-05-12,15.3,8.9,11.4
2014-05-13,16.6,9.1,6.6
2014-05-14,16.9,9.6,8.7
2014-05-15,15.1,10.7,8.7
2014-05-16,14.4,10.2,8.8
2014-05-17,15.6,8.2,10.4
2014-05-18,17.1,9.3,3.4
2014-05-19,15.9,8.2,1.9
2014-05-20,15.4,9.2,10.9
2014-05-21,16.3,8.1,11.6
2014-05-22,15.3,6.1,5.8
2014-05-23,15.4,9.9,9.2
2014-05-24,17.2,8.5,3.5
2014-05-25,15.5,10.3,5.1
2014-05-26,15.9,9.5,5.0
2014-05-27,15.2,9.3,4.9
2014-05-28,16.0,10.4,9.2
2014-05-29,14.3,10.0,9.9
2014-05-30,16.3,7.0,4.4
2014-05-31,15.8,9.5,2.6
2014-06-01,14.8,10.6,3.8
2014-06-02,14.6,10.3,18.0
2014-06-03,15.7,9.9,26.9
2014-06-04,16.0,9.9,6.6
2014-06-05,15.9,10.2,5.1
2014-06-06,17.5,10.8,3.7
2014-06-07,15.7,10.0,12.5
2014-06-08,15.5,9.4,3.6
2014-06-09,16.8,9.2,1.9
2014-06-10,16.2,10.0,0.5
2014-06-11,19.2,8.8,1.8
2014-06-12,17.8,10.0,3.7
2014-06-13,16.7,10.3,1.6
2014-06-14,15.8,9.1,5.6
2014-06-15,17.1,10.0,4.1
2014-06-16,17.6,7.0,0.0
2014-06-17,17.4,6.8,0.1
2014-06-18,17.2,11.1,2.5
2014-06-19,17.9,9.1,0.0
2014-06-20,18.4,8.3,3.4
2014-06-21,16.9,8.9,2.7
2014-06-22,17.7,9.5,2.5
2014-06-23,14.3,9.8,4.2
2014-06-24,14.2,8.6,25.6
2014-06-25,14.5,9.4,13.3
2014-06-26,15.6,8.9,5.2
2014-06-27,14.3,8.8,4.9
2014-06-28,17.1,8.8,0.2
2014-06-29,17.4,9.1,1.7
2014-06-30,15.1,9.6,3.1
2014-07-01,16.2,7.5,7.6
2014-07-02,16.3,8.2,1.3
2014-07-03,17.3,8.3,1.7
2014-07-04,16.3,8.1,2.4
2014-07-05,15.8,7.6,1.6
2014-07-06,16.4,10.0,3.5
2014-07-07,14.9,10.9,5.2
2014-07-08,15.7,10.4,1.0
2014-07-09,18.2,8.2,0.3
2014-07-10,18.6,7.3,3.7
2014-07-11,17.4,9.5,2.6
2014-07-12,18.2,8.5,1.7
2014-07-13,17.3,8.7,0.7
2014-07-14,15.9,10.2,0.9
2014-07-15,17.1,9.5,0.3
2014-07-16,18.1,8.8,0.2
2014-07-17,18.2,9.6,0.3
2014-07-18,18.8,7.5,0.1
2014-07-19,17.6,9.0,0.1
2014-07-20,18.8,9.4,1.8
2014-07-21,18.2,10.7,1.4
2014-07-22,19.0,7.5,1.4
2014-07-23,19.0,10.6,0.6
2014-07-24,19.3,8.2,0.0
2014-07-25,17.4,10.5,0.8
2014-07-26,16.3,7.9,1.8
2014-07-27,17.8,7.6,1.9
2014-07-28,18.8,9.1,1.1
2014-07-29,17.5,10.4,0.3
2014-07-30,18.2,6.6,2.6
2014-07-31,18.7,9.6,1.6
2014-08-01,18.7,9.1,2.0
2014-08-02,18.1,6.9,2.2
2014-08-03,18.9,7.4,2.4
2014-08-04,18.4,9.5,3.6
2014-08-05,17.3,8.4,3.8
2014-08-06,14.7,8.7,5.1
2014-08-07,16.3,7.4,1.6
2014-08-08,18.3,9.4,3.8
2014-08-09,16.4,8.6,3.2
2014-08-10,15.8,8.2,6.8
2014-08-11,16.0,7.6,2.4
2014-08-12,18.1,7.7,2.1
2014-08-13,16.2,9.3,0.8
2014-08-14,17.9,7.8,1.6
2014-08-15,17.7,9.4,2.3
2014-08-16,17.2,10.1,1.1
2014-08-17,17.5,10.3,0.2
2014-08-18,17.3,9.2,2.4
2014-08-19,17.6,7.3,1.3
2014-08-20,18.9,7.7,1.2
2014-08-21,17.5,7.3,4.2
2014-08-22,16.1,8.9,6.2
2014-08-23,15.8,6.8,10.5
2014-08-24,15.8,8.7,3.2
2014-08-25,16.9,8.6,6.0
2014-08-26,15.6,8.9,4.3
2014-08-27,15.2,8.6,7.3
2014-08-28,16.0,8.6,11.2
2014-08-29,17.0,9.0,3.1
2014-08-30,17.9,9.1,0.5
2014-08-31,18.8,6.5,1.1
2014-09-01,17.3,9.5,3.6
2014-09-02,16.8,9.0,3.4
2014-09-03,16.6,8.3,6.7
2014-09-04,18.2,7.7,4.8
2014-09-05,18.9,8.6,1.1
2014-09-06,17.4,9.5,1.4
2014-09-07,17.7,8.7,0.0
2014-09-08,17.5,8.9,0.2
2014-09-09,18.2,9.0,2.8
2014-09-10,15.6,7.7,6.2
2014-09-11,15.5,8.6,12.6
2014-09-12,15.3,9.3,7.5
2014-09-13,16.5,8.4,9.4
2014-09-14,14.3,9.5,4.9
2014-09-15,14.8,8.7,5.7
2014-09-16,17.4,8.8,2.4
2014-09-17,15.6,8.5,7.4
2014-09-18,17.1,7.3,13.2
2014-09-19,15.8,8.1,9.0
2014-09-20,15.3,6.8,10.9
2014-09-21,16.0,9.3,13.0
2014-09-22,15.0,9.1,10.6
2014-09-23,15.7,7.4,14.4
2014-09-24,16.2,9.4,2.3
2014-09-25,16.5,7.4,7.1
2014-09-26,16.4,7.9,2.7
2014-09-27,17.2,9.6,2.4
2014-09-28,18.4,10.6,2.2
2014-09-29,19.4,9.9,2.3
2014-09-30,18.5,6.8,3.5
2014-10-01,17.2,10.5,3.1
2014-10-02,18.9,8.7,1.1
2014-10-03,17.4,8.9,3.8
2014-10-04,16.5,7.7,11.8
2014-10-05,16.6,9.0,2.0
2014-10-06,17.5,10.3,7.5
2014-10-07,15.5,9.7,10.2
2014-10-08,14.6,9.7,11.5
2014-10-09,15.2,9.7,13.1
2014-10-10,15.1,9.3,12.4
2014-10-11,15.4,10.0,17.7
2014-10-12,16.3,9.5,12.3
2014-10-13,16.7,8.2,7.6
2014-10-14,17.6,9.7,2.2
2014-10-15,17.6,9.5,3.1
2014-10-16,17.5,10.6,3.2
2014-10-17,15.0,9.9,11.0
2014-10-18,15.0,7.8,37.7
2014-10-19,16.1,7.6,15.3
2014-10-20,15.5,9.3,12.0
2014-10-21,15.8,9.1,9.9
2014-10-22,16.0,9.2,13.3
2014-10-23,16.4,7.4,8.5
2014-10-24,15.9,9.4,13.2
2014-10-25,16.7,9.3,7.1
2014-10-26,14.1,8.7,7.1
2014-10-27,14.6,8.3,7.3
2014-10-28,14.4,9.9,11.8
2014-10-29,15.7,9.1,5.3
2014-10-30,16.3,6.9,2.4
2014-10-31,15.4,7.8,2.5
2014-11-01,16.4,7.5,1.5
2014-11-02,16.4,10.4,11.6
2014-11-03,15.9,8.8,11.4
2014-11-04,16.1,9.2,14.0
2014-11-05,15.8,7.5,14.4
2014-11-06,15.5,10.2,4.4
2014-11-07,16.2,11.2,1.8
2014-11-08,17.1,9.2,2.7
2014-11-09,15.4,9.6,13.6
2014-11-10,16.3,9.0,19.2
2014-11-11,13.3,9.6,24.3
2014-11-12,13.2,9.1,4.6
2014-11-13,14.0,7.9,1.2
2014-11-14,15.0,7.4,0.8
2014-11-15,15.4,7.2,4.5
2014-11-16,14.7,7.2,2.6
2014-11-17,16.3,8.9,2.0
2014-11-18,14.9,8.0,9.1
2014-11-19,13.9,7.5,8.2
2014-11-20,14.1,5.8,6.8
2014-11-21,14.3,8.0,7.5
2014-11-22,14.9,6.8,8.2
2014-11-23,15.3,10.1,12.3
2014-11-24,15.6,9.5,5.1
2014-11-25,14.9,9.2,5.4
2014-11-26,15.0,8.7,10.1
2014-11-27,16.2,5.5,5.2
2014-11-28,16.8,9.3,2.5
2014-11-29,16.8,11.1,1.8
2014-11-30,16.1,11.7,7.9
2014-12-01,15.2,10.3,9.3
2014-12-02,17.3,9.6,0.9
2014-12-03,17.1,10.1,1.8
2014-12-04,15.8,9.4,12.5
2014-12-05,13.6,9.9,26.1
2014-12-06,15.2,8.8,8.8
2014-12-07,15.7,10.2,9.5
2014-12-08,15.1,8.4,5.8
2014-12-09,14.2,10.3,24.3
2014-12-10,14.8,8.9,9.1
2014-12-11,15.3,8.0,4.4
2014-12-12,14.4,9.3,9.7
2014-12-13,14.8,7.9,5.8
2014-12-14,15.7,4.6,0.3
2014-12-15,16.1,5.9,0.1
2014-12-16,15.7,5.3,1.1
2014-12-17,14.6,9.7,19.0
2014-12-18,15.1,8.8,10.5
2014-12-19,15.5,7.6,8.4
2014-12-20,15.1,9.8,14.6
2014-12-21,15.3,7.2,12.4
2014-12-22,18.1,8.0,2.2
2014-12-23,18.3,8.5,1.1
2014-12-24,15.8,11.1,3.3
2014-12-25,16.4,11.1,13.3
2014-12-26,17.0,11.1,2.6
2014-12-27,16.2,10.5,12.2
2014-12-28,15.8,10.3,6.4
2014-12-29,14.6,9.2,4.7
2014-12-30,16.1,8.9,4.5
2014-12-31,16.5,9.1,5.7
2015-01-01,17.6,8.3,1.4
2015-01-02,18.7,7.9,1.0
2015-01-03,18.7,9.3,1.6
2015-01-04,18.1,10.7,3.1
2015-01-05,17.2,10.7,1.7
2015-01-06,17.3,9.1,0.8
2015-01-07,17.3,7.9,2.6
2015-01-08,17.7,11.1,3.1
2015-01-09,15.2,11.4,4.2
2015-01-10,16.7,11.2,3.0
2015-01-11,18.5,10.3,0.7
2015-01-12,17.2,10.7,2.7
2015-01-13,15.8,10.9,6.2
2015-01-14,16.0,8.9,2.8
2015-01-15,15.6,9.7,11.9
2015-01-16,15.4,9.0,15.8
2015-01-17,14.4,8.6,13.3
2015-01-18,14.3,9.6,11.9
2015-01-19,14.1,8.6,13.6
2015-01-20,14.4,9.5,17.4
2015-01-21,14.9,9.2,32.3
2015-01-22,13.8,9.4,29.1
2015-01-23,14.6,7.5,15.9
2015-01-24,15.2,9.0,8.2
2015-01-25,16.4,9.6,6.0
2015-01-26,15.5,7.8,10.2
2015-01-27,14.7,9.9,17.1
2015-01-28,16.1,8.7,2.9
2015-01-29,16.2,9.6,3.0
2015-01-30,16.3,10.7,10.5
2015-01-31,15.2,10.6,16.9
2015-02-01,15.6,10.4,2.8
2015-02-02,15.5,10.4,2.7
2015-02-03,16.9,10.8,1.4
2015-02-04,17.2,11.4,2.1
2015-02-05,16.3,11.0,9.6
2015-02-06,13.8,10.2,18.3
2015-02-07,14.8,9.2,10.2
2015-02-08,13.7,9.5,5.8
2015-02-09,14.3,9.4,8.0
2015-02-10,13.7,8.4,4.9
2015-02-11,16.7,9.9,1.6
2015-02-12,16.9,10.9,2.7
2015-02-13,15.7,12.0,2.6
2015-02-14,16.4,11.2,3.5
2015-02-15,15.4,10.5,9.1
2015-02-16,17.2,9.4,2.1
2015-02-17,17.1,10.1,4.8
2015-02-18,15.0,9.7,5.0
2015-02-19,14.6,9.4,6.4
2015-02-20,15.6,8.2,0.4
2015-02-21,15.9,7.8,0.2
2015-02-22,16.8,9.1,2.6
2015-02-23,15.4,10.3,8.1
2015-02-24,15.6,9.7,12.0
2015-02-25,15.0,9.7,4.2
2015-02-26,15.3,10.6,7.2
2015-02-27,15.2,10.2,6.9
2015-02-28,15.8,10.3,4.7
2015-03-01,15.2,9.2,8.7
2015-03-02,15.3,9.2,14.0
2015-03-03,15.6,10.0,20.1
2015-03-04,14.4,10.8,14.8
2015-03-05,17.2,9.5,8.0
2015-03-06,15.6,10.0,9.7
2015-03-07,16.9,10.5,2.9
2015-03-08,19.0,12.4,1.5
2015-03-09,17.6,12.2,1.0
2015-03-10,17.5,12.1,2.7
2015-03-11,17.4,11.5,3.1
2015-03-12,16.1,11.3,27.7
2015-03-13,17.5,10.9,11.5
2015-03-14,15.6,10.7,19.7
2015-03-15,15.4,10.5,18.3
2015-03-16,15.3,10.2,17.2
2015-03-17,14.2,10.2,13.8
2015-03-18,14.3,9.5,20.9
2015-03-19,14.1,8.2,9.7
2015-03-20,12.2,9.2,28.0
2015-03-21,14.9,6.9,2.8
2015-03-22,15.0,6.6,1.1
2015-03-23,15.2,8.0,6.3
2015-03-24,14.9,6.5,8.3
2015-03-25,13.8,8.6,9.5
2015-03-26,15.7,8.8,13.5
2015-03-27,15.8,8.6,1.9
2015-03-28,15.3,9.8,12.8
2015-03-29,13.8,9.6,16.0
2015-03-30,16.8,8.2,15.8
2015-03-31,16.7,8.9,11.0
2015-04-01,16.1,10.4,11.4
2015-04-02,15.1,9.2,10.9
2015-04-03,15.4,9.2,2.9
2015-04-04,15.1,8.4,11.2
2015-04-05,15.3,9.8,16.1
2015-04-06,16.0,8.9,3.1
2015-04-07,17.0,9.3,1.0
2015-04-08,16.0,8.6,8.2
2015-04-09,17.3,9.5,7.7
2015-04-10,16.9,8.3,6.5
2015-04-11,16.5,8.8,6.6
2015-04-12,16.9,9.6,5.6
2015-04-13,16.5,8.7,7.5
2015-04-14,15.9,8.8,9.0
2015-04-15,16.4,8.4,10.9
2015-04-16,14.7,9.1,15.1
2015-04-17,15.6,9.1,8.9
2015-04-18,16.0,8.7,5.6
2015-04-19,15.3,8.9,9.1
2015-04-20,16.1,9.7,14.3
2015-04-21,14.9,9.6,11.8
2015-04-22,16.4,8.2,2.6
2015-04-23,16.8,9.9,1.5
2015-04-24,16.4,10.2,5.1
2015-04-25,15.4,10.5,3.5
2015-04-26,16.9,9.2,0.5
2015-04-27,17.0,11.1,1.6
2015-04-28,16.8,10.7,4.8
2015-04-29,17.0,11.1,3.6
2015-04-30,14.8,10.7,16.3
2015-05-01,15.0,10.3,10.0
2015-05-02,16.0,7.3,9.9
2015-05-03,15.2,10.5,10.3
2015-05-04,15.3,8.4,12.1
2015-05-05,17.1,9.4,8.7
2015-05-06,15.6,10.1,9.4
2015-05-07,17.3,8.7,1.5
2015-05-08,18.0,9.9,1.2
2015-05-09,18.9,9.6,2.7
2015-05-10,16.8,10.2,1.4
2015-05-11,16.2,11.0,2.6
2015-05-12,17.6,10.2,0.0
2015-05-13,15.7,11.0,6.2
2015-05-14,16.6,11.7,9.4
2015-05-15,14.9,9.6,11.7
2015-05-16,16.5,9.6,3.5
2015-05-17,15.7,9.7,8.2
2015-05-18,16.1,10.5,7.0
2015-05-19,16.3,9.8,4.2
2015-05-20,17.6,8.1,2.5
2015-05-21,15.3,9.2,10.7
2015-05-22,17.4,6.8,5.7
2015-05-23,16.8,9.2,4.3
2015-05-24,16.4,7.8,9.1
2015-05-25,15.6,9.5,8.4
2015-05-26,17.1,9.1,2.3
2015-05-27,14.9,10.6,7.6
2015-05-28,14.3,10.2,9.8
2015-05-29,15.2,6.3,11.6
2015-05-30,15.4,7.6,14.0
2015-05-31,16.6,8.0,3.2
2015-06-01,18.7,8.5,0.7
2015-06-02,18.5,7.5,1.5
2015-06-03,15.9,9.6,3.7
2015-06-04,16.1,8.5,1.8
2015-06-05,15.7,9.8,0.8
2015-06-06,14.7,9.3,3.3
2015-06-07,15.6,8.9,13.2
2015-06-08,14.2,9.1,16.9
2015-06-09,14.7,8.1,9.4
2015-06-10,15.0,9.4,5.7
2015-06-11,17.4,9.0,1.2
2015-06-12,16.2,7.9,2.7
2015-06-13,15.7,8.3,9.6
2015-06-14,16.4,8.4,11.1
2015-06-15,18.8,7.8,1.8
2015-06-16,18.8,10.1,0.9
2015-06-17,16.0,10.3,4.5
2015-06-18,17.3,9.3,0.2
2015-06-19,16.2,8.1,0.1
2015-06-20,16.2,9.1,0.2
2015-06-21,16.5,10.0,2.2
2015-06-22,18.8,7.3,0.5
2015-06-23,16.9,10.3,0.0
2015-06-24,17.3,9.8,0.8
2015-06-25,17.0,9.5,0.4
2015-06-26,17.2,9.2,0.1
2015-06-27,16.7,8.7,0.0
2015-06-28,17.6,9.2,0.0
2015-06-29,16.4,9.7,2.4
2015-06-30,18.4,8.3,3.3
2015-07-01,19.4,9.8,1.1
2015-07-02,18.8,8.7,0.7
2015-07-03,19.0,7.9,0.3
2015-07-04,18.2,10.5,2.7
2015-07-05,16.1,11.4,10.4
2015-07-06,16.2,10.5,9.6
2015-07-07,14.6,9.9,17.9
2015-07-08,16.3,9.3,3.1
2015-07-09,16.2,10.2,1.7
2015-07-10,16.9,10.3,2.3
2015-07-11,15.9,10.6,8.8
2015-07-12,14.3,10.0,4.7
2015-07-13,16.0,9.2,8.7
2015-07-14,16.2,6.2,7.7
2015-07-15,18.7,8.6,3.1
2015-07-16,18.0,9.1,3.9
2015-07-17,17.9,7.9,3.5
2015-07-18,15.3,9.1,2.9
2015-07-19,15.7,9.3,12.7
2015-07-20,15.5,7.3,12.5
2015-07-21,15.4,9.2,2.6
2015-07-22,13.3,9.9,9.5
2015-07-23,15.0,8.8,2.7
2015-07-24,17.3,7.6,0.0
2015-07-25,18.5,8.2,0.0
2015-07-26,19.1,9.3,1.7
2015-07-27,17.8,9.6,3.6
2015-07-28,15.6,10.5,2.5
2015-07-29,15.1,10.1,5.4
2015-07-30,16.3,9.2,2.0
2015-07-31,17.9,9.1,1.4
2015-08-01,18.5,8.1,2.6
2015-08-02,17.2,10.1,1.3
2015-08-03,19.6,8.1,1.8
2015-08-04,19.1,9.7,3.0
2015-08-05,18.3,11.0,1.1
2015-08-06,19.8,9.4,3.5
2015-08-07,17.6,9.4,4.2
2015-08-08,15.7,9.9,8.0
2015-08-09,15.3,9.3,9.6
2015-08-10,17.4,9.0,1.3
2015-08-11,18.4,9.3,2.0
2015-08-12,19.5,8.9,1.2
2015-08-13,17.1,11.2,2.3
2015-08-14,17.0,9.4,9.1
2015-08-15,16.3,9.9,4.0
2015-08-16,19.5,8.6,3.1
2015-08-17,16.6,10.0,2.8
2015-08-18,18.8,7.8,0.9
2015-08-19,18.4,9.8,1.8
2015-08-20,19.5,9.3,2.2
2015-08-21,19.2,9.1,3.2
2015-08-22,17.7,9.2,5.2
2015-08-23,17.0,9.1,4.4
2015-08-24,17.2,6.8,8.8
2015-08-25,17.2,9.4,6.6
2015-08-26,16.9,8.8,4.4
2015-08-27,16.9,7.7,6.3
2015-08-28,19.3,9.6,1.8
2015-08-29,17.6,10.9,0.7
2015-08-30,18.4,10.3,1.9
2015-08-31,19.1,7.4,3.8
2015-09-01,18.0,10.8,2.9
2015-09-02,18.4,10.6,2.9
2015-09-03,18.6,10.9,2.1
2015-09-04,19.0,9.1,2.0
2015-09-05,18.0,9.6,4.1
2015-09-06,17.2,10.3,7.4
2015-09-07,17.5,10.8,3.3
2015-09-08,18.9,9.9,3.5
2015-09-09,16.5,9.8,4.9
2015-09-10,15.7,7.5,4.7
2015-09-11,16.5,7.7,7.1
2015-09-12,19.2,6.7,1.9
2015-09-13,19.2,9.2,0.7
2015-09-14,19.5,5.7,0.6
2015-09-15,20.0,6.8,1.4
2015-09-16,18.2,9.6,4.8
2015-09-17,17.7,8.7,10.9
2015-09-18,16.2,10.6,11.3
2015-09-19,18.8,8.8,2.4
2015-09-20,18.7,10.2,4.4
2015-09-21,18.1,10.6,6.3
2015-09-22,18.9,9.8,6.1
2015-09-23,16.0,11.0,12.9
2015-09-24,19.0,9.6,4.8
2015-09-25,17.1,10.2,5.6
2015-09-26,18.7,8.5,9.6
2015-09-27,19.4,8.6,2.2
2015-09-28,19.5,10.5,4.1
2015-09-29,16.7,9.0,14.8
2015-09-30,16.5,7.7,12.8
2015-10-01,14.8,6.5,6.0
2015-10-02,16.4,7.7,4.9
2015-10-03,18.6,8.4,2.3
2015-10-04,17.2,10.9,3.3
2015-10-05,17.7,11.0,0.9
2015-10-06,17.6,10.3,2.4
2015-10-07,17.4,7.2,7.0
2015-10-08,17.7,8.3,2.9
2015-10-09,16.6,7.2,11.0
2015-10-10,16.5,9.8,14.6
2015-10-11,15.9,10.2,12.3
2015-10-12,17.2,10.6,13.5
2015-10-13,14.2,10.7,18.6
2015-10-14,15.0,10.1,16.1
2015-10-15,16.1,10.9,15.2
2015-10-16,14.2,10.7,13.1
2015-10-17,16.5,9.8,4.6
2015-10-18,16.2,10.5,3.6
2015-10-19,17.5,8.6,12.7
2015-10-20,16.5,11.0,8.8
2015-10-21,17.7,8.1,2.8
2015-10-22,16.2,8.2,7.2
2015-10-23,16.3,9.5,9.0
2015-10-24,16.4,7.9,9.3
2015-10-25,16.1,9.2,11.1
2015-10-26,17.7,9.4,11.0
2015-10-27,15.4,10.3,7.8
2015-10-28,16.1,9.6,5.4
2015-10-29,15.9,8.7,15.2
2015-10-30,16.7,8.1,11.1
2015-10-31,15.8,9.0,11.4
2015-11-01,14.6,9.1,9.9
2015-11-02,14.7,8.0,4.1
2015-11-03,16.2,6.4,0.0
2015-11-04,16.3,9.8,2.2
2015-11-05,15.2,10.1,13.5
2015-11-06,15.3,8.9,14.8
2015-11-07,14.2,10.5,38.9
2015-11-08,16.9,11.1,3.2
2015-11-09,16.8,10.5,7.2
2015-11-10,18.0,9.6,2.1
2015-11-11,17.4,8.4,3.2
2015-11-12,17.1,9.4,6.3
2015-11-13,18.1,9.5,1.6
2015-11-14,17.9,11.0,4.5
2015-11-15,16.3,11.0,8.9
2015-11-16,17.1,10.0,4.8
2015-11-17,15.3,10.8,13.1
2015-11-18,16.3,8.0,14.4
2015-11-19,15.4,9.7,12.2
2015-11-20,15.6,10.0,7.4
2015-11-21,16.6,8.8,9.6
2015-11-22,15.8,10.0,9.8
2015-11-23,16.9,7.9,11.5
2015-11-24,15.9,9.7,11.6
2015-11-25,16.4,7.4,16.7
2015-11-26,16.1,8.0,3.4
2015-11-27,16.4,9.3,3.8
2015-11-28,17.2,8.0,16.1
2015-11-29,16.9,11.5,19.7
2015-11-30,17.8,11.5,6.5
2015-12-01,17.7,12.4,5.2
2015-12-02,19.0,11.2,3.2
2015-12-03,17.8,9.6,3.3
2015-12-04,15.9,8.5,4.7
2015-12-05,16.9,7.6,12.7
2015-12-06,17.0,8.5,4.0
2015-12-07,17.3,9.1,11.2
2015-12-08,16.3,10.3,5.7
2015-12-09,16.1,11.3,6.0
2015-12-10,17.6,10.2,1.2
2015-12-11,16.9,9.3,3.4
2015-12-12,17.4,10.5,5.0
2015-12-13,16.8,10.5,9.0
2015-12-14,16.9,9.4,16.1
2015-12-15,14.7,10.5,19.7
2015-12-16,15.9,9.5,2.7
2015-12-17,17.0,8.1,3.7
2015-12-18,15.8,8.2,13.1
2015-12-19,16.8,9.5,4.0
2015-12-20,18.4,11.1,1.4
2015-12-21,17.3,10.0,2.1
2015-12-22,18.6,11.2,1.7
2015-12-23,18.2,9.9,2.2
2015-12-24,20.3,10.5,4.9
2015-12-25,19.7,9.8,2.0
2015-12-26,18.2,11.9,2.9
2015-12-27,18.7,11.4,3.3
2015-12-28,18.3,12.0,3.0
2015-12-29,20.0,11.2,3.1
2015-12-30,21.4,11.0,1.0
2015-12-31,20.4,12.8,1.6
2016-01-01,18.7,11.6,4.4
2016-01-02,16.5,10.7,17.1
2016-01-03,16.9,8.2,2.9
2016-01-04,15.0,11.2,9.9
2016-01-05,16.3,8.5,5.8
2016-01-06,15.3,11.3,14.2
2016-01-07,16.3,10.8,7.1
2016-01-08,16.2,11.0,12.4
2016-01-09,15.7,9.2,12.3
2016-01-10,14.8,10.4,11.0
2016-01-11,14.1,9.7,6.5
2016-01-12,15.2,11.0,5.9
2016-01-13,14.1,11.2,28.8
2016-01-14,15.2,10.4,12.8
2016-01-15,17.8,6.5,2.1
2016-01-16,16.9,9.7,9.6
2016-01-17,16.1,10.4,11.1
2016-01-18,17.0,10.2,16.3
2016-01-19,16.3,10.4,22.7
2016-01-20,15.7,10.7,10.6
2016-01-21,16.1,9.6,12.8
2016-01-22,15.7,10.4,8.7
2016-01-23,15.9,11.7,4.6
2016-01-24,17.2,9.0,3.9
2016-01-25,14.1,10.9,41.2
2016-01-26,17.1,8.7,5.7
2016-01-27,17.5,8.9,2.3
2016-01-28,17.0,7.1,6.0
2016-01-29,16.5,9.0,10.1
2016-01-30,14.7,9.6,11.7
2016-01-31,15.6,7.6,9.3
2016-02-01,17.8,8.0,9.5
2016-02-02,17.7,9.6,9.4
2016-02-03,16.4,8.8,15.2
2016-02-04,14.9,10.4,16.4
2016-02-05,16.4,10.5,6.1
2016-02-06,19.0,9.7,3.2
2016-02-07,19.2,10.7,6.4
2016-02-08,17.1,11.9,22.4
2016-02-09,16.8,11.3,9.9
2016-02-10,14.1,11.8,19.6
2016-02-11,16.6,11.5,3.1
2016-02-12,17.1,10.8,4.0
2016-02-13,17.1,11.5,4.0
2016-02-14,19.2,10.5,1.8
2016-02-15,17.1,11.9,2.3
2016-02-16,18.9,11.4,2.0
2016-02-17,17.0,11.8,14.3
2016-02-18,18.5,10.2,1.4
2016-02-19,19.1,11.1,2.6
2016-02-20,17.9,11.7,6.7
2016-02-21,16.4,11.8,8.9
2016-02-22,16.1,11.1,15.6
2016-02-23,16.9,11.4,15.7
2016-02-24,16.5,10.0,11.7
2016-02-25,17.6,10.9,13.4
2016-02-26,16.0,10.5,23.4
2016-02-27,18.3,11.5,6.4
2016-02-28,16.6,12.1,6.1
2016-02-29,15.9,12.0,6.7
2016-03-01,17.7,11.3,20.4
2016-03-02,17.0,11.2,18.1
2016-03-03,16.0,11.4,21.3
2016-03-04,16.0,11.0,35.1
2016-03-05,15.8,8.7,20.5
2016-03-06,16.1,8.5,12.9
2016-03-07,14.3,9.9,16.3
2016-03-08,16.2,9.1,0.8
2016-03-09,16.5,9.5,13.7
2016-03-10,18.0,8.7,9.5
2016-03-11,16.6,10.2,10.7
2016-03-12,16.9,9.4,9.6
2016-03-13,15.3,10.4,29.2
2016-03-14,16.8,9.8,14.7
2016-03-15,17.7,9.5,1.7
2016-03-16,17.4,11.3,8.4
2016-03-17,16.1,11.4,16.1
2016-03-18,17.2,11.6,6.2
2016-03-19,16.7,11.6,5.7
2016-03-20,16.5,11.9,15.1
2016-03-21,18.2,10.0,3.8
2016-03-22,17.6,11.1,1.9
2016-03-23,16.4,11.4,2.4
2016-03-24,17.4,10.3,2.2
2016-03-25,17.8,10.2,2.0
2016-03-26,18.2,10.5,3.2
2016-03-27,18.0,11.9,16.4
2016-03-28,15.7,10.5,10.7
2016-03-29,18.3,10.2,14.1
2016-03-30,16.6,10.9,11.6
2016-03-31,15.5,11.4,12.6
2016-04-01,15.5,10.1,16.7
2016-04-02,15.5,9.5,13.9
2016-04-03,15.6,9.8,8.8
2016-04-04,15.4,9.2,16.3
2016-04-05,16.9,11.0,17.2
2016-04-06,17.0,10.4,7.6
2016-04-07,17.3,11.2,7.9
2016-04-08,17.1,11.8,3.2
2016-04-09,16.4,11.8,7.0
2016-04-10,16.3,10.6,24.8
2016-04-11,17.3,9.2,17.2
2016-04-12,15.5,10.0,6.0
2016-04-13,16.0,9.1,7.6
2016-04-14,16.6,8.3,15.4
2016-04-15,17.5,10.0,10.4
2016-04-16,16.3,10.5,4.7
2016-04-17,16.2,11.7,10.8
2016-04-18,17.3,11.7,2.5
2016-04-19,17.6,9.9,4.8
2016-04-20,17.9,9.3,4.6
2016-04-21,17.9,9.5,0.7
2016-04-22,18.2,11.4,2.1
2016-04-23,15.5,11.4,14.0
2016-04-24,15.7,10.4,9.8
2016-04-25,17.0,9.2,10.1
2016-04-26,17.4,11.0,16.2
2016-04-27,15.7,9.0,11.2
2016-04-28,13.4,11.2,10.0
2016-04-29,16.6,9.2,11.3
2016-04-30,16.3,9.2,13.7
2016-05-01,16.0,10.0,16.5
2016-05-02,15.7,8.3,17.0
2016-05-03,15.5,8.5,4.1
2016-05-04,15.6,10.0,2.0
2016-05-05,16.4,10.6,7.9
2016-05-06,15.9,10.2,10.1
2016-05-07,16.0,10.7,6.6
2016-05-08,15.7,9.1,11.7
2016-05-09,13.5,10.4,16.8
2016-05-10,16.5,9.9,9.5
2016-05-11,15.1,10.1,17.7
2016-05-12,16.6,9.5,1.2
2016-05-13,19.4,9.8,0.6
2016-05-14,16.8,9.3,4.6
2016-05-15,19.5,11.0,1.1
2016-05-16,17.2,11.3,2.5
2016-05-17,16.7,9.5,4.8
2016-05-18,17.5,10.7,3.7
2016-05-19,18.5,9.3,0.7
2016-05-20,18.8,11.9,3.5
2016-05-21,18.7,11.2,1.0
2016-05-22,17.7,10.5,1.6
2016-05-23,19.2,12.0,3.0
2016-05-24,17.7,11.5,2.8
2016-05-25,16.8,9.9,11.9
2016-05-26,16.5,10.7,7.9
2016-05-27,17.5,8.3,2.4
2016-05-28,17.2,9.9,3.2
2016-05-29,15.1,10.7,9.7
2016-05-30,15.8,7.7,7.1
2016-05-31,16.6,7.9,10.5
2016-06-01,16.5,9.2,13.2
2016-06-02,15.1,9.6,8.3
2016-06-03,15.0,8.4,8.7
2016-06-04,16.0,8.0,9.1
2016-06-05,17.1,7.8,7.2
2016-06-06,15.3,8.5,11.5
2016-06-07,16.3,6.4,8.4
2016-06-08,17.0,10.0,2.8
2016-06-09,17.5,8.1,2.3
2016-06-10,16.5,9.0,3.0
2016-06-11,18.3,8.9,1.3
2016-06-12,16.3,9.9,1.7
2016-06-13,15.9,10.0,2.6
2016-06-14,16.7,8.4,1.1
2016-06-15,16.9,7.8,1.5
2016-06-16,16.1,9.6,0.4
2016-06-17,16.6,9.0,1.5
2016-06-18,15.7,9.0,2.9
2016-06-19,16.5,6.9,3.0
2016-06-20,14.7,9.6,11.1
2016-06-21,14.6,9.8,3.7
2016-06-22,14.8,9.3,0.7
2016-06-23,15.1,10.4,4.9
2016-06-24,14.4,9.3,9.7
2016-06-25,16.6,6.4,2.0
2016-06-26,18.4,9.3,1.3
2016-06-27,18.8,9.8,1.6
2016-06-28,17.7,10.6,0.0
2016-06-29,17.3,10.8,0.3
2016-06-30,15.8,9.2,1.7
2016-07-01,14.6,10.0,6.5
2016-07-02,13.5,9.6,10.7
2016-07-03,15.3,9.4,5.8
2016-07-04,15.7,9.1,10.8
2016-07-05,16.0,7.9,10.2
2016-07-06,17.4,7.5,3.9
2016-07-07,18.1,9.9,0.6
2016-07-08,17.1,10.7,0.1
2016-07-09,18.9,7.4,2.4
2016-07-10,17.5,10.8,1.6
2016-07-11,16.4,8.3,2.0
2016-07-12,15.6,8.1,1.7
2016-07-13,15.9,7.5,6.4
2016-07-14,16.1,7.9,3.2
2016-07-15,14.9,8.5,9.9
2016-07-16,15.9,6.3,5.8
2016-07-17,16.6,9.7,2.7
2016-07-18,17.3,8.8,1.9
2016-07-19,17.0,9.1,2.1
2016-07-20,15.4,9.0,4.8
2016-07-21,16.0,7.7,2.6
2016-07-22,15.9,9.0,2.4
2016-07-23,15.6,9.4,3.0
2016-07-24,15.3,6.1,9.8
2016-07-25,17.2,7.4,2.3
2016-07-26,18.3,7.6,1.1
2016-07-27,17.9,9.0,3.4
2016-07-28,17.0,10.2,0.1
2016-07-29,16.0,9.1,3.1
2016-07-30,14.8,9.4,2.4
2016-07-31,16.6,8.7,2.1
2016-08-01,18.6,7.8,1.9
2016-08-02,16.9,9.2,2.0
2016-08-03,18.2,8.9,2.3
2016-08-04,18.2,8.4,0.6
2016-08-05,18.9,8.1,0.6
2016-08-06,19.3,8.8,1.1
2016-08-07,18.4,11.2,0.8
2016-08-08,18.2,11.0,0.6
2016-08-09,20.1,9.8,1.2
2016-08-10,17.0,11.3,3.2
2016-08-11,16.8,10.8,6.7
2016-08-12,17.0,7.5,1.7
2016-08-13,18.8,7.3,1.0
2016-08-14,19.0,8.0,1.6
2016-08-15,19.6,10.1,3.2
2016-08-16,19.4,10.3,3.8
2016-08-17,18.3,10.8,2.9
2016-08-18,18.2,10.5,5.5
2016-08-19,19.3,9.4,1.3
2016-08-20,19.3,8.8,1.1
2016-08-21,19.7,7.3,1.1
2016-08-22,17.0,10.9,1.0
2016-08-23,19.0,9.1,1.5
2016-08-24,17.3,7.7,9.1
2016-08-25,19.1,7.4,2.1
2016-08-26,14.7,9.0,2.7
2016-08-27,18.1,7.4,2.0
2016-08-28,15.3,9.8,8.5
2016-08-29,18.9,7.2,7.1
2016-08-30,17.3,8.4,6.8
2016-08-31,15.5,9.3,10.1
2016-09-01,13.8,8.4,11.8
2016-09-02,16.6,6.7,2.4
2016-09-03,17.1,7.0,1.8
2016-09-04,16.6,8.8,8.0
2016-09-05,15.9,9.2,6.3
2016-09-06,16.5,10.1,7.3
2016-09-07,17.1,7.6,7.8
2016-09-08,16.9,9.4,7.0
2016-09-09,18.7,9.7,2.5
2016-09-10,16.4,9.9,4.6
2016-09-11,15.9,10.0,3.4
2016-09-12,15.7,8.7,9.3
2016-09-13,16.0,8.4,12.8
2016-09-14,16.2,6.8,16.7
2016-09-15,17.8,9.0,13.0
2016-09-16,18.3,7.4,4.4
2016-09-17,17.4,9.6,3.0
2016-09-18,16.4,9.7,12.3
2016-09-19,17.6,9.1,4.5
2016-09-20,18.6,8.4,1.7
2016-09-21,17.1,7.6,11.0
2016-09-22,17.0,9.5,3.7
2016-09-23,17.1,9.3,3.2
2016-09-24,17.7,9.9,3.4
2016-09-25,17.3,9.6,3.0
2016-09-26,16.6,8.1,3.3
2016-09-27,17.8,8.8,2.6
2016-09-28,16.8,9.5,4.9
2016-09-29,16.9,8.7,7.0
2016-09-30,15.5,8.4,15.7
2016-10-01,15.2,9.7,10.4
2016-10-02,15.8,9.0,2.7
2016-10-03,17.2,9.4,5.2
2016-10-04,16.4,10.3,9.0
2016-10-05,16.7,10.4,2.2
2016-10-06,16.4,10.3,12.7
2016-10-07,14.3,9.8,16.7
2016-10-08,14.5,9.0,8.1
2016-10-09,15.2,9.4,19.9
2016-10-10,16.2,10.3,18.5
2016-10-11,15.4,10.1,14.2
2016-10-12,15.7,9.0,15.3
2016-10-13,16.6,8.4,17.3
2016-10-14,17.9,8.0,5.0
2016-10-15,18.2,10.1,5.6
2016-10-16,17.0,9.0,8.7
2016-10-17,17.1,8.7,8.6
2016-10-18,17.5,6.4,7.4
2016-10-19,17.0,6.9,6.0
2016-10-20,16.8,9.9,7.6
2016-10-21,17.0,9.8,3.6
2016-10-22,15.8,9.8,6.8
2016-10-23,16.0,9.9,9.9
2016-10-24,16.2,9.2,13.7
2016-10-25,15.3,8.8,8.8
2016-10-26,15.7,8.5,2.0
2016-10-27,15.4,8.4,0.2
2016-10-28,15.9,10.2,1.5
2016-10-29,15.8,10.1,4.7
2016-10-30,16.4,8.0,12.4
2016-10-31,15.5,8.7,16.2
2016-11-01,15.2,9.2,6.4
2016-11-02,16.1,9.3,10.6
2016-11-03,16.5,10.2,11.0
2016-11-04,16.9,9.6,5.0
2016-11-05,19.4,10.6,7.2
2016-11-06,16.9,10.6,4.1
2016-11-07,15.7,9.9,14.4
2016-11-08,15.3,8.7,15.6
2016-11-09,17.6,10.9,8.2
2016-11-10,15.2,10.8,16.2
2016-11-11,13.9,10.4,10.7
2016-11-12,14.9,9.4,8.2
2016-11-13,15.5,9.9,6.7
2016-11-14,15.0,9.6,4.1
2016-11-15,16.1,7.0,0.2
2016-11-16,17.4,5.8,0.0
2016-11-17,16.5,7.6,0.5
2016-11-18,16.1,9.4,5.6
2016-11-19,15.0,7.8,11.0
2016-11-20,14.9,8.2,0.7
2016-11-21,16.3,4.9,0.0
2016-11-22,16.5,4.2,0.2
2016-11-23,17.3,8.4,4.2
2016-11-24,16.3,9.6,13.0
2016-11-25,16.4,9.8,13.4
2016-11-26,15.0,9.2,15.3
2016-11-27,17.0,8.3,14.8
2016-11-28,17.2,10.2,15.2
2016-11-29,15.9,8.9,17.7
2016-11-30,15.8,10.4,10.5
2016-12-01,15.4,10.7,17.2
2016-12-02,16.6,9.2,19.9
2016-12-03,15.8,7.9,21.2
2016-12-04,15.6,9.0,9.1
2016-12-05,15.1,10.3,6.5
2016-12-06,14.8,9.7,10.9
2016-12-07,15.2,8.7,15.2
2016-12-08,15.0,6.2,6.9
2016-12-09,15.4,7.9,3.0
2016-12-10,17.0,8.3,0.4
2016-12-11,16.1,9.3,8.6
2016-12-12,15.2,10.1,13.3
2016-12-13,16.2,9.4,13.0
2016-12-14,15.9,8.4,22.9
2016-12-15,18.6,10.1,10.5
2016-12-16,14.4,10.0,12.2
2016-12-17,16.2,8.4,16.8
2016-12-18,16.3,6.9,11.8
2016-12-19,15.3,9.1,9.3
2016-12-20,15.4,8.8,18.6
2016-12-21,14.8,9.0,4.6
2016-12-22,14.4,7.8,2.6
2016-12-23,15.6,6.7,0.6
2016-12-24,14.4,10.1,39.4
2016-12-25,15.2,9.1,11.4
2016-12-26,15.6,10.0,25.9
2016-12-27,15.4,8.9,15.8
2016-12-28,16.7,9.4,3.5
2016-12-29,15.5,11.1,5.3
2016-12-30,14.0,9.9,20.0
2016-12-31,13.3,9.4,16.8
2017-01-01,16.2,6.9,2.9
2017-01-02,17.8,8.0,0.0
2017-01-03,18.9,7.3,7.0
2017-01-04,17.6,8.2,9.9
2017-01-05,16.4,9.4,25.8
2017-01-06,15.3,8.4,6.5
2017-01-07,17.9,6.7,6.2
2017-01-08,16.4,8.9,34.7
2017-01-09,16.8,9.4,30.6
2017-01-10,16.3,8.9,42.3
2017-01-11,15.4,9.2,5.5
2017-01-12,15.5,6.8,20.9
2017-01-13,17.0,6.8,9.8
2017-01-14,15.9,8.7,16.6
2017-01-15,15.0,8.7,24.7
2017-01-16,17.2,7.9,4.6
2017-01-17,17.0,9.1,15.7
2017-01-18,16.2,9.4,18.1
2017-01-19,17.0,9.2,9.5
2017-01-20,12.4,9.2,49.4
2017-01-21,12.4,7.3,24.8
2017-01-22,16.4,5.1,0.0
2017-01-23,17.0,4.7,2.2
2017-01-24,16.3,6.4,8.3
2017-01-25,16.6,7.2,2.0
2017-01-26,15.8,6.8,1.6
2017-01-27,16.1,8.3,0.0
2017-01-28,17.0,6.8,0.0
2017-01-29,16.7,9.3,1.6
2017-01-30,16.6,7.6,27.4
2017-01-31,15.8,7.7,19.3
2017-02-01,17.0,7.7,9.3
2017-02-02,17.0,7.3,22.6
2017-02-03,16.0,6.6,7.5
2017-02-04,18.7,6.6,0.1
2017-02-05,17.4,7.6,0.0
2017-02-06,17.9,7.1,0.1
2017-02-07,17.4,6.8,2.9
2017-02-08,18.0,6.4,5.7
2017-02-09,17.5,8.4,9.0
2017-02-10,17.4,8.7,14.1
2017-02-11,16.0,10.1,27.8
2017-02-12,15.4,9.3,29.8
2017-02-13,15.3,7.9,24.6
2017-02-14,15.1,8.9,15.4
2017-02-15,15.6,7.9,16.4
2017-02-16,15.4,7.9,9.1
2017-02-17,15.6,8.4,4.1
2017-02-18,16.5,7.9,6.6
2017-02-19,15.9,8.6,16.2
2017-02-20,16.5,7.3,12.4
2017-02-21,16.7,7.9,19.5
2017-02-22,13.9,9.1,29.9
2017-02-23,15.4,8.0,25.5
2017-02-24,15.9,7.7,25.9
2017-02-25,14.7,9.1,26.0
2017-02-26,13.6,8.2,21.0
2017-02-27,15.8,8.1,14.5
2017-02-28,15.6,8.3,28.4
2017-03-01,16.8,7.1,28.6
2017-03-02,16.9,8.8,24.6
2017-03-03,15.9,8.8,15.7
2017-03-04,16.6,7.0,16.6
2017-03-05,16.9,7.3,3.3
2017-03-06,16.6,9.2,34.2
2017-03-07,16.9,8.6,23.9
2017-03-08,16.2,9.2,21.6
2017-03-09,16.2,8.5,20.3
2017-03-10,15.6,8.1,22.3
2017-03-11,16.5,8.0,17.0
2017-03-12,15.4,8.7,12.3
2017-03-13,16.3,8.6,18.3
2017-03-14,15.4,9.1,33.6
2017-03-15,13.9,8.8,31.3
2017-03-16,16.4,7.7,26.6
2017-03-17,15.1,8.6,32.2
2017-03-18,16.1,7.4,13.0
2017-03-19,16.1,9.1,37.1
2017-03-20,16.2,8.3,21.1
2017-03-21,17.0,7.4,21.5
2017-03-22,15.9,8.3,25.1
2017-03-23,16.0,8.6,32.2
2017-03-24,15.0,9.1,30.8
2017-03-25,16.8,8.5,23.8
2017-03-26,15.0,9.6,34.7
2017-03-27,15.4,7.8,15.0
2017-03-28,17.1,6.8,1.2
2017-03-29,15.9,8.2,11.8
2017-03-30,15.9,7.9,34.9
2017-03-31,13.9,8.6,18.1
2017-04-01,17.5,8.0,1.3
2017-04-02,17.1,6.1,0.5
2017-04-03,18.0,8.8,0.6
2017-04-04,18.4,6.8,0.3
2017-04-05,18.4,6.6,0.0
2017-04-06,18.6,7.7,0.0
2017-04-07,17.3,7.5,38.7
2017-04-08,16.9,8.4,42.7
2017-04-09,16.5,9.4,34.8
2017-04-10,17.1,8.4,25.2
2017-04-11,17.2,9.4,9.0
2017-04-12,17.5,7.7,16.0
2017-04-13,17.0,7.4,0.1
2017-04-14,16.8,7.9,17.6
2017-04-15,17.5,8.3,0.2
2017-04-16,16.7,8.5,3.2
2017-04-17,17.3,8.6,19.1
2017-04-18,16.4,8.9,6.8
2017-04-19,15.4,9.4,46.0
2017-04-20,14.1,9.1,34.7
2017-04-21,17.5,7.4,2.8
2017-04-22,18.5,8.2,2.5
2017-04-23,18.9,7.8,4.1
2017-04-24,18.3,7.1,9.9
2017-04-25,17.5,9.1,24.4
2017-04-26,16.6,10.1,29.5
2017-04-27,18.0,8.5,5.7
2017-04-28,18.0,7.4,0.0
2017-04-29,17.2,7.9,19.2
2017-04-30,16.0,9.6,6.9
2017-05-01,15.9,8.4,25.9
2017-05-02,16.8,8.6,9.9
2017-05-03,17.5,7.7,7.2
2017-05-04,17.2,7.2,12.9
2017-05-05,17.0,7.2,23.5
2017-05-06,14.8,9.4,36.1
2017-05-07,15.7,9.3,22.3
2017-05-08,15.4,9.4,17.9
2017-05-09,14.8,8.1,38.0
2017-05-10,12.5,9.4,14.4
2017-05-11,14.4,9.2,20.3
2017-05-12,14.9,9.6,42.4
2017-05-13,16.0,8.8,15.9
2017-05-14,13.8,8.6,9.8
2017-05-15,16.8,8.8,24.4
2017-05-16,17.2,9.1,12.1
2017-05-17,17.1,7.1,29.5
2017-05-18,16.9,8.0,4.8
2017-05-19,18.2,8.2,6.3
2017-05-20,16.9,7.4,11.8
2017-05-21,16.1,6.6,5.9
2017-05-22,16.9,9.1,7.5
2017-05-23,17.5,7.8,0.0
2017-05-24,18.3,7.0,0.0
2017-05-25,17.3,7.9,0.0
2017-05-26,17.6,7.8,0.9
2017-05-27,17.4,7.2,0.0
2017-05-28,18.0,5.8,0.0
2017-05-29,17.9,6.1,0.0
2017-05-30,18.6,6.2,0.0
2017-05-31,17.1,7.3,0.0
2017-06-01,17.6,7.1,0.8
2017-06-02,19.9,7.0,7.3
2017-06-03,18.6,8.2,4.3
2017-06-04,18.5,7.9,8.8
2017-06-05,17.2,6.8,0.1
2017-06-06,18.3,6.4,0.0
2017-06-07,17.9,7.3,8.8
2017-06-08,17.0,9.2,15.7
2017-06-09,17.9,9.1,9.0
2017-06-10,17.7,7.3,7.5
2017-06-11,16.9,7.3,9.5
2017-06-12,15.6,9.2,33.7
2017-06-13,13.1,8.8,15.2
2017-06-14,14.2,8.3,2.9
2017-06-15,14.9,5.6,0.1
2017-06-16,16.5,7.3,1.1
2017-06-17,16.2,6.3,9.1
2017-06-18,16.6,7.3,13.4
2017-06-19,17.4,7.7,6.2
2017-06-20,15.4,6.8,11.7
2017-06-21,16.9,7.9,0.5
2017-06-22,16.2,6.2,7.0
2017-06-23,17.2,7.4,2.3
2017-06-24,16.9,7.5,2.0
2017-06-25,16.9,6.1,0.6
2017-06-26,17.4,6.8,9.7
2017-06-27,16.0,7.2,14.6
2017-06-28,16.6,7.9,11.8
2017-06-29,16.5,6.3,13.6
2017-06-30,17.9,6.3,0.0
2017-07-01,17.4,5.6,0.0
2017-07-02,16.8,7.2,0.0
2017-07-03,16.8,6.0,0.0
2017-07-04,17.2,5.8,0.4
2017-07-05,17.5,5.8,0.0
2017-07-06,16.8,6.3,0.0
2017-07-07,15.8,7.2,0.1
2017-07-08,17.2,7.2,0.0
2017-07-09,17.3,6.3,0.0
2017-07-10,17.7,4.9,0.1
2017-07-11,17.4,6.4,0.0
2017-07-12,18.5,6.6,0.0
2017-07-13,19.1,6.8,0.1
2017-07-14,18.7,6.2,5.0
2017-07-15,18.0,8.2,2.4
2017-07-16,20.3,8.9,1.1
2017-07-17,18.9,7.9,1.8
2017-07-18,18.1,6.8,1.4
2017-07-19,17.4,6.9,1.8
2017-07-20,19.2,5.2,0.2
2017-07-21,19.8,5.8,0.0
2017-07-22,15.4,6.8,0.0
2017-07-23,16.0,6.3,0.0
2017-07-24,16.4,6.6,0.0
2017-07-25,14.6,7.6,0.8
2017-07-26,13.8,5.7,1.1
2017-07-27,15.2,6.2,0.0
2017-07-28,18.8,7.1,0.0
2017-07-29,19.5,6.2,0.0
2017-07-30,18.5,6.2,0.3
2017-07-31,18.0,6.1,0.0
2017-08-01,20.0,5.2,0.0
2017-08-02,20.0,8.4,1.3
2017-08-03,20.0,6.0,1.0
2017-08-04,19.8,6.9,0.5
2017-08-05,18.5,7.8,0.0
2017-08-06,18.0,6.3,0.0
2017-08-07,17.6,6.8,0.0
2017-08-08,18.9,6.7,0.0
2017-08-09,18.2,6.3,0.0
2017-08-10,20.0,5.6,0.0
2017-08-11,19.2,7.9,1.4
2017-08-12,19.4,9.2,3.6
2017-08-13,20.6,6.7,0.1
2017-08-14,19.5,5.8,0.0
2017-08-15,21.4,5.8,0.0
2017-08-16,19.8,8.4,1.3
2017-08-17,21.2,8.0,0.3
2017-08-18,18.5,8.7,9.8
2017-08-19,18.4,8.3,24.1
2017-08-20,18.2,8.9,6.7
2017-08-21,16.4,6.7,0.0
2017-08-22,18.1,5.3,0.1
2017-08-23,19.1,5.9,6.4
2017-08-24,19.0,8.4,0.4
2017-08-25,18.0,5.9,2.6
2017-08-26,19.5,6.6,4.2
2017-08-27,17.4,6.2,6.5
2017-08-28,16.9,7.4,12.6
2017-08-29,15.9,6.0,0.1
2017-08-30,17.4,7.1,0.9
2017-08-31,17.5,5.0,0.0
2017-09-01,19.8,4.7,0.0
2017-09-02,18.7,5.5,1.5
2017-09-03,19.5,6.0,0.0
2017-09-04,19.4,6.3,0.0
2017-09-05,20.6,5.4,0.0
2017-09-06,20.0,8.1,0.0
2017-09-07,19.8,6.6,1.5
2017-09-08,18.3,9.2,10.7
2017-09-09,18.6,9.6,24.1
2017-09-10,17.9,9.0,0.8
2017-09-11,20.0,7.4,0.0
2017-09-12,19.2,7.6,0.0
2017-09-13,20.1,8.0,1.8
2017-09-14,20.0,8.3,2.5
2017-09-15,20.2,8.2,0.0
2017-09-16,19.4,7.8,0.7
2017-09-17,19.6,7.6,0.7
2017-09-18,19.4,7.0,1.5
2017-09-19,21.1,6.6,0.0
2017-09-20,21.5,5.8,0.2
2017-09-21,21.0,8.2,4.0
2017-09-22,20.8,8.1,3.6
2017-09-23,20.8,7.8,3.4
2017-09-24,18.8,8.9,6.1
2017-09-25,17.2,9.1,0.6
2017-09-26,19.5,7.1,0.5
2017-09-27,19.9,7.7,6.2
2017-09-28,18.9,9.6,10.5
2017-09-29,18.8,7.6,13.5
2017-09-30,15.5,9.2,1.4
2017-10-01,17.0,8.1,26.6
2017-10-02,17.8,9.1,14.6
2017-10-03,17.4,8.0,19.5
2017-10-04,16.5,9.2,34.3
2017-10-05,16.4,8.7,11.4
2017-10-06,16.8,6.9,1.8
2017-10-07,16.3,7.2,0.9
2017-10-08,18.1,6.7,3.5
2017-10-09,17.9,7.1,19.7
2017-10-10,19.4,6.8,2.3
2017-10-11,18.6,6.6,4.3
2017-10-12,18.0,8.7,6.3
2017-10-13,18.5,6.9,0.7
2017-10-14,19.1,8.3,0.0
2017-10-15,18.8,7.7,0.0
2017-10-16,19.0,8.1,0.0
2017-10-17,18.7,8.8,0.0
2017-10-18,20.0,7.8,0.0
2017-10-19,19.0,7.1,1.5
2017-10-20,19.6,7.3,0.7
2017-10-21,19.0,9.8,7.5
2017-10-22,17.2,8.1,2.2
2017-10-23,18.3,8.7,7.3
2017-10-24,16.4,8.8,26.1
2017-10-25,18.7,9.4,13.0
2017-10-26,17.6,9.3,15.4
2017-10-27,17.6,9.2,17.6
2017-10-28,14.1,9.4,30.0
2017-10-29,17.3,9.2,5.2
2017-10-30,16.1,8.3,0.6
2017-10-31,18.0,8.6,6.8
2017-11-01,17.8,9.6,11.1
2017-11-02,18.2,8.1,19.8
2017-11-03,17.6,7.1,21.1
2017-11-04,17.1,7.8,10.4
2017-11-05,18.0,6.6,4.2
2017-11-06,18.6,6.6,1.7
2017-11-07,19.2,7.6,4.7
2017-11-08,17.2,8.2,15.8
2017-11-09,17.3,9.1,19.2
2017-11-10,17.8,8.0,3.0
2017-11-11,18.1,9.4,1.5
2017-11-12,18.4,9.6,3.3
2017-11-13,18.4,8.4,12.8
2017-11-14,16.4,9.6,25.4
2017-11-15,15.4,9.4,35.0
2017-11-16,16.8,7.4,13.2
2017-11-17,15.9,9.2,11.0
2017-11-18,18.3,7.3,5.6
2017-11-19,16.8,8.2,18.7
2017-11-20,16.5,9.6,45.5
2017-11-21,17.0,7.9,9.4
2017-11-22,18.9,7.4,5.2
2017-11-23,16.4,8.6,8.2
2017-11-24,17.0,8.1,11.6
2017-11-25,18.8,8.0,18.0
2017-11-26,18.8,8.2,8.6
2017-11-27,17.3,9.9,17.2
2017-11-28,18.0,8.8,0.5
2017-11-29,16.9,8.4,5.6
2017-11-30,17.5,8.4,12.9
2017-12-01,17.6,9.9,45.8
2017-12-02,16.5,9.9,20.1
2017-12-03,17.1,8.9,3.2
2017-12-04,17.8,7.8,0.2
2017-12-05,17.8,8.9,0.2
2017-12-06,17.6,6.4,0.2
2017-12-07,18.0,7.3,1.4
2017-12-08,17.4,8.7,1.2
2022-01-01,32.3,23.1,0.0
2022-01-02,31.6,22.5,0.0
2022-01-03,29.6,21.1,0.0
2022-01-04,33.1,20.0,0.0
2022-01-05,31.8,21.7,0.0
2022-01-06,26.4,22.0,0.0
2022-01-07,26.8,21.3,0.0
2022-01-08,26.8,21.9,0.0
2022-01-09,30.2,22.4,0.0
2022-01-10,23.8,19.7,3.6
2022-01-11,25.8,21.2,0.0
2022-01-12,26.3,22.0,0.0
2022-01-13,26.4,22.3,0.0
2022-01-14,25.7,22.3,0.0
2022-01-15,26.0,22.0,0.0
2022-01-16,28.4,22.5,0.0
2022-01-17,29.4,21.9,0.0
2022-01-18,32.1,22.4,0.0
2022-01-19,31.4,22.4,0.0
2022-01-20,29.7,20.6,0.0
2022-01-21,28.0,21.1,0.0
2022-01-22,30.5,23.1,0.0
2022-01-23,35.1,23.7,0.0
2022-01-24,33.3,23.6,0.0
2022-01-25,28.3,24.4,0.0
2022-01-26,28.4,23.4,0.0
2022-01-27,24.5,21.6,0.0
2022-01-28,24.4,20.8,0.0
2022-01-29,24.6,20.8,0.0
2022-01-30,24.6,21.0,0.0
2022-01-31,26.3,21.6,0.0
2022-02-01,28.6,22.0,0.0
2022-02-02,35.2,22.7,0.0
2022-02-03,31.3,19.2,0.0
2022-02-04,30.0,20.6,0.0
2022-02-05,26.9,20.7,0.0
2022-02-06,25.8,20.8,0.0
2022-02-07,28.0,20.4,0.0
2022-02-08,29.9,20.6,0.0
2022-02-09,33.5,20.4,0.0
2022-02-10,33.2,22.9,0.0
2022-02-11,32.2,24.0,0.0
2022-02-12,27.9,21.8,0.0
2022-02-13,29.6,21.0,0.0
2022-02-14,29.2,20.0,0.0
2022-02-15,30.0,21.1,0.0
2022-02-16,27.6,20.3,0.0
2022-02-17,27.9,20.4,0.0
2022-02-18,26.8,21.1,0.0
2022-02-19,24.7,20.8,0.0
2022-02-20,25.4,20.8,0.0
2022-02-21,24.7,21.0,0.0
2022-02-22,24.2,20.4,0.0
2022-02-23,24.0,20.0,0.0
2022-02-24,23.7,19.4,0.0
2022-02-25,23.1,19.3,0.0
2022-02-26,22.4,19.0,0.0
2022-02-27,22.1,18.6,0.0
2022-02-28,22.2,18.1,0.0
2022-03-01,21.5,17.9,0.0
2022-03-02,23.8,17.9,0.0
2022-03-03,26.2,18.5,0.0
2022-03-04,25.4,19.0,0.0
2022-03-05,23.2,17.4,0.0
2022-03-06,21.9,17.6,0.0
2022-03-07,25.4,17.3,0.0
2022-03-08,23.8,17.9,0.0
2022-03-09,21.8,17.8,0.0
2022-03-10,22.5,17.6,0.0
2022-03-11,26.7,18.0,0.0
2022-03-12,29.7,20.1,0.0
2022-03-13,25.4,19.2,0.0
2022-03-14,23.2,18.0,0.0
2022-03-15,20.3,17.4,0.0
2022-03-16,21.2,16.8,0.0
2022-03-17,22.5,17.4,0.0
2022-03-18,22.5,17.3,0.0
2022-03-19,21.8,17.6,0.0
2022-03-20,21.7,17.3,0.0
2022-03-21,22.0,17.5,0.0
2022-03-22,22.3,17.9,0.0
2022-03-23,22.5,18.1,0.0
2022-03-24,22.1,18.0,0.0
2022-03-25,22.1,17.5,0.0
2022-03-26,22.7,17.5,0.0
2022-03-27,21.9,17.8,0.0
2022-03-28,21.7,18.0,0.0
2022-03-29,22.2,18.5,0.0
2022-03-30,22.4,18.6,0.0
2022-03-31,23.3,18.6,0.0
2022-04-01,24.2,18.7,0.0
2022-04-02,23.1,18.7,0.0
2022-04-03,21.7,18.1,0.0
2022-04-04,22.2,17.9,0.0
2022-04-05,22.0,18.1,0.0
2022-04-06,23.3,18.4,0.0
2022-04-07,25.5,19.7,0.0
2022-04-08,27.1,20.8,0.0
2022-04-09,25.7,20.0,0.0
2022-04-10,23.1,19.0,0.0
2022-04-11,22.4,18.7,0.0
2022-04-12,22.9,18.4,0.0
2022-04-13,22.6,18.6,0.0
2022-04-14,23.2,18.9,0.0
2022-04-15,23.1,19.3,0.0
2022-04-16,23.1,18.6,0.0
2022-04-17,23.2,18.6,0.0
2022-04-18,23.5,19.2,0.0
2022-04-19,24.4,19.9,0.0
2022-04-20,24.7,19.5,0.0
2022-04-21,25.3,20.3,0.0
2022-04-22,27.4,21.0,0.0
2022-04-23,26.6,20.4,0.0
2022-04-24,27.2,19.7,0.0
2022-04-25,25.6,20.7,0.0
2022-04-26,23.2,19.5,0.0
2022-04-27,23.7,18.7,0.0
2022-04-28,25.3,19.5,0.0
2022-04-29,23.8,19.5,0.0
2022-04-30,24.9,19.6,0.0
2022-05-01,24.0,19.5,0.0
2022-05-02,24.2,19.9,0.0
2022-05-03,23.0,19.5,0.0
2022-05-04,23.6,19.4,0.0
2022-05-05,25.4,20.5,0.0
2022-05-06,25.8,21.8,0.0
2022-05-07,25.5,21.2,0.0
2022-05-08,24.8,20.7,0.0
2022-05-09,24.8,20.5,0.0
2022-05-10,25.3,20.8,0.0
2022-05-11,25.7,21.0,0.0
2022-05-12,27.8,20.1,0.0
2022-05-13,25.9,21.1,0.0
2022-05-14,27.4,20.9,0.0
2022-05-15,32.3,21.5,0.0
2022-05-16,30.4,21.4,0.0
2022-05-17,29.1,21.6,0.0
2022-05-18,27.7,22.4,0.0
2022-05-19,26.7,21.8,0.0
2022-05-20,26.2,22.3,0.0
2022-05-21,25.2,20.5,0.0
2022-05-22,25.1,21.6,0.0
2022-05-23,24.5,20.9,0.0
2022-05-24,24.7,20.7,0.0
2022-05-25,24.5,21.3,0.0
2022-05-26,25.3,21.1,0.0
2022-05-27,26.0,21.5,9.0
2022-05-28,25.1,22.6,0.0
2022-05-29,26.5,22.6,0.0
2022-05-30,27.5,23.1,0.0
2022-05-31,27.3,23.2,0.0
2022-06-01,29.7,23.3,0.0
2022-06-02,28.7,23.5,0.0
2022-06-03,30.1,24.6,0.0
2022-06-04,28.3,23.5,0.0
2022-06-05,27.8,23.0,0.0
2022-06-06,26.8,22.9,0.0
2022-06-07,26.3,22.3,0.0
2022-06-08,27.5,22.5,0.0
2022-06-09,26.9,23.4,0.5
2022-06-10,26.4,23.1,0.0
2022-06-11,26.5,23.1,0.0
2022-06-12,26.8,23.0,0.0
2022-06-13,26.7,23.5,0.0
2022-06-14,27.8,23.6,0.0
2022-06-15,29.6,24.7,0.0
2022-06-16,27.3,24.1,0.0
2022-06-17,27.8,24.2,0.0
2022-06-18,29.1,24.3,5.9
2022-06-19,27.7,24.5,1.6
2022-06-20,27.7,25.2,1.7
2022-06-21,28.4,24.7,0.9
2022-06-22,28.0,25.0,3.5
2022-06-23,28.1,25.3,0.3
2022-06-24,28.6,25.2,0.1
2022-06-25,27.7,25.0,0.0
2022-06-26,27.2,24.6,0.0
2022-06-27,27.6,24.4,0.0
2022-06-28,26.9,24.3,0.0
2022-06-29,26.7,23.9,0.0
2022-06-30,28.2,24.1,0.0
2022-07-01,28.2,24.7,0.0
2022-07-02,27.4,23.8,0.0
2022-07-03,28.5,23.9,0.0
2022-07-04,28.5,24.6,0.0
2022-07-05,29.1,25.0,0.6
2022-07-06,28.5,25.9,0.6
2022-07-07,28.6,25.3,0.0
2022-07-08,29.3,25.6,0.0
2022-07-09,28.2,25.4,0.0
2022-07-10,28.5,25.0,0.0
2022-07-11,28.9,25.4,0.0
2022-07-12,29.1,25.5,0.1
2022-07-13,28.0,25.1,0.0
2022-07-14,28.5,24.5,0.0
2022-07-15,28.9,25.2,0.0
2022-07-16,29.1,25.9,0.0
2022-07-17,27.8,25.4,0.0
2022-07-18,29.0,25.8,1.4
2022-07-19,30.0,26.8,0.8
2022-07-20,29.1,26.5,0.7
2022-07-21,28.5,26.2,0.8
2022-07-22,28.3,24.6,24.5
2022-07-23,27.1,25.6,15.1
2022-07-24,27.1,25.2,24.4
2022-07-25,28.4,25.9,1.0
2022-07-26,28.4,25.3,3.3
2022-07-27,28.8,26.2,0.6
2022-07-28,28.8,26.9,2.6
2022-07-29,29.1,26.7,0.7
2022-07-30,28.8,26.6,0.1
2022-07-31,27.9,25.8,1.5
2022-08-01,28.3,24.6,5.0
2022-08-02,28.4,26.1,1.2
2022-08-03,28.0,26.2,1.2
2022-08-04,28.5,25.5,2.3
2022-08-05,27.8,24.7,13.3
2022-08-06,28.7,25.5,1.8
2022-08-07,29.0,25.1,4.1
2022-08-08,28.4,24.0,5.1
2022-08-09,29.1,26.1,0.6
2022-08-10,29.0,26.9,2.1
2022-08-11,28.7,26.3,0.0
2022-08-12,29.1,26.7,0.4
2022-08-13,28.8,26.0,1.8
2022-08-14,29.0,24.9,5.7
2022-08-15,28.6,26.3,0.8
2022-08-16,28.8,26.6,0.1
2022-08-17,29.0,26.5,0.4
2022-08-18,28.4,25.8,3.3
2022-08-19,27.8,25.0,9.9
2022-08-20,27.3,24.5,26.4
2022-08-21,28.3,26.0,1.6
2022-08-22,28.9,26.8,1.7
2022-08-23,28.7,26.6,0.0
2022-08-24,28.8,26.2,0.0
2022-08-25,28.0,25.6,6.3
2022-08-26,27.7,24.6,17.8
2022-08-27,28.7,25.0,7.7
2022-08-28,29.2,26.3,0.1
2022-08-29,28.1,24.8,29.0
2022-08-30,26.7,24.4,12.3
2022-08-31,28.0,25.6,15.9
2022-09-01,27.6,25.5,9.3
2022-09-02,27.1,24.4,15.2
2022-09-03,26.1,24.2,18.7
2022-09-04,27.7,24.5,2.8
2022-09-05,27.9,25.3,1.2
2022-09-06,28.8,26.0,0.0
2022-09-07,29.3,26.9,0.3
2022-09-08,29.2,26.1,0.0
2022-09-09,28.3,24.3,4.4
2022-09-10,29.3,26.0,0.0
2022-09-11,29.1,26.2,2.4
2022-09-12,29.0,24.5,7.1
2022-09-13,28.9,26.1,0.6
2022-09-14,28.2,25.8,0.1
2022-09-15,29.6,26.9,0.0
2022-09-16,29.4,25.7,0.0
2022-09-17,29.2,26.6,0.5
2022-09-18,29.0,26.2,0.1
2022-09-19,29.1,26.5,0.6
2022-09-20,29.7,24.8,11.1
2022-09-21,29.4,25.3,0.0
2022-09-22,27.7,24.1,34.5
2022-09-23,27.6,24.8,17.7
2022-09-24,28.8,25.7,2.4
2022-09-25,28.1,25.5,6.8
2022-09-26,28.9,24.2,4.5
2022-09-27,28.7,24.3,0.6
2022-09-28,29.3,25.3,0.0
2022-09-29,29.0,27.0,0.0
2022-09-30,29.8,27.0,0.0
2022-10-01,28.8,26.1,0.0
2022-10-02,28.6,26.1,0.0
2022-10-03,28.6,25.6,3.8
2022-10-04,30.2,26.2,0.0
2022-10-05,29.6,27.4,0.0
2022-10-06,30.0,26.9,0.0
2022-10-07,29.2,26.2,0.0
2022-10-08,29.4,26.9,0.5
2022-10-09,28.0,25.4,19.7
2022-10-10,29.9,25.4,0.1
2022-10-11,29.3,26.5,0.0
2022-10-12,29.2,26.3,0.0
2022-10-13,29.4,27.1,0.3
2022-10-14,28.6,25.5,3.2
2022-10-15,28.6,26.5,0.0
2022-10-16,28.8,26.3,0.0
2022-10-17,30.1,26.7,1.1
2022-10-18,30.8,26.2,0.0
2022-10-19,30.4,26.8,0.0
2022-10-20,30.1,26.8,0.0
2022-10-21,29.9,26.5,0.0
2022-10-22,30.2,26.5,0.0
2022-10-23,30.2,26.4,0.0
2022-10-24,29.2,26.0,1.8
2022-10-25,29.9,25.4,0.6
2022-10-26,30.9,27.4,0.0
2022-10-27,31.3,26.8,0.0
2022-10-28,32.6,26.6,0.0
2022-10-29,31.0,24.7,0.0
2022-10-30,31.6,24.3,0.0
2022-10-31,33.1,24.6,0.0
2022-11-01,36.2,25.5,0.0
2022-11-02,36.3,24.2,0.0
2022-11-03,35.7,25.3,0.0
2022-11-04,33.1,24.1,0.0
2022-11-05,32.1,25.2,0.0
2022-11-06,32.6,26.5,0.0
2022-11-07,30.3,24.9,0.0
2022-11-08,29.8,26.1,0.0
2022-11-09,30.7,25.8,0.0
2022-11-10,30.6,25.8,0.0
2022-11-11,31.5,25.1,0.0
2022-11-12,30.2,25.9,0.0
2022-11-13,29.3,25.5,0.0
2022-11-14,29.9,25.2,0.0
2022-11-15,29.6,25.7,0.0
2022-11-16,30.5,23.9,0.0
2022-11-17,30.9,26.0,0.0
2022-11-18,35.0,24.8,0.0
2022-11-19,30.8,25.6,0.0
2022-11-20,28.5,25.4,0.0
2022-11-21,30.9,24.7,0.0
2022-11-22,34.5,24.7,0.0
2022-11-23,32.0,23.5,0.0
2022-11-24,27.9,24.1,0.0
2022-11-25,29.3,25.0,0.0
2022-11-26,32.3,25.0,0.0
2022-11-27,29.6,24.2,0.0
2022-11-28,28.8,23.5,0.0
2022-11-29,30.4,23.1,0.0
2022-11-30,29.4,23.7,0.0
2022-12-01,27.8,23.9,0.0
2022-12-02,27.2,23.3,0.0
2022-12-03,26.4,22.5,0.0
2022-12-04,26.1,22.0,0.0
2022-12-05,27.0,23.1,0.0
2022-12-06,28.2,24.1,0.0
2022-12-07,28.5,24.3,0.0
2022-12-08,28.2,24.6,0.0
2022-12-09,28.9,24.6,0.0
2022-12-10,29.1,24.6,0.0
2022-12-11,30.7,24.1,0.0
2022-12-12,34.8,21.7,0.0
2022-12-13,33.9,21.4,0.0
2022-12-14,32.3,20.1,0.0
2022-12-15,30.0,22.7,0.0
2022-12-16,28.0,24.1,0.0
2022-12-17,28.8,23.3,0.0
2022-12-18,35.0,23.0,0.0
2022-12-19,30.4,23.6,0.0
2022-12-20,34.2,23.0,0.0
2022-12-21,31.7,22.0,0.0
2022-12-22,31.1,21.1,0.0
2022-12-23,31.2,21.1,0.0
2022-12-24,29.9,20.3,0.0
2022-12-25,29.7,20.7,0.0
2022-12-26,26.2,21.5,0.0
2022-12-27,24.7,21.5,0.0
2022-12-28,25.0,21.1,0.0
2022-12-29,26.8,20.6,2.3
2022-12-30,27.1,20.7,0.0
2022-12-31,27.5,20.5,0.0
2023-01-01,32.8,22.1,0.0
2023-01-02,27.6,21.0,0.0
2023-01-03,30.1,20.1,0.0
2023-01-04,33.2,21.7,0.0
2023-01-05,29.5,21.6,0.0
2023-01-06,30.1,20.5,0.0
2023-01-07,27.4,21.4,0.0
2023-01-08,26.1,20.2,8.5
2023-01-09,27.9,20.3,3.2
2023-01-10,28.3,22.2,0.2
2023-01-11,25.4,20.9,0.0
2023-01-12,25.3,21.1,0.0
2023-01-13,30.3,20.5,0.0
2023-01-14,30.3,20.6,0.0
2023-01-15,29.2,20.0,0.0
2023-01-16,31.4,20.8,0.0
2023-01-17,30.9,22.2,0.0
2023-01-18,28.5,22.5,0.0
2023-01-19,26.3,20.9,0.0
2023-01-20,23.4,19.9,0.0
2023-01-21,22.8,19.3,0.0
2023-01-22,23.8,19.0,0.0
2023-01-23,23.9,18.3,0.0
2023-01-24,24.4,16.9,0.0
2023-01-25,24.5,20.1,0.0
2023-01-26,25.8,20.6,0.0
2023-01-27,29.8,21.6,0.0
2023-01-28,26.0,20.8,0.0
2023-01-29,21.9,18.8,0.0
2023-01-30,21.8,18.2,0.0
2023-01-31,22.9,18.4,0.0
2023-02-01,22.9,18.8,0.0
2023-02-02,23.6,18.8,0.0
2023-02-03,25.2,18.8,0.0
2023-02-04,26.8,19.1,0.0
2023-02-05,24.1,19.3,0.0
2023-02-06,22.4,19.0,0.0
2023-02-07,21.6,19.0,0.0
2023-02-08,23.8,18.7,0.0
2023-02-09,25.0,19.4,0.0
2023-02-10,21.6,17.9,0.0
2023-02-11,22.9,18.5,0.0
2023-02-12,22.3,18.3,4.4
2023-02-13,23.2,19.3,0.0
2023-02-14,22.0,19.0,0.0
2023-02-15,21.9,18.0,0.0
2023-02-16,21.7,18.1,0.0
2023-02-17,21.2,18.0,0.0
2023-02-18,22.2,18.0,0.0
2023-02-19,23.6,18.5,0.0
2023-02-20,24.9,19.4,0.0
2023-02-21,23.1,18.7,0.0
2023-02-22,23.1,19.1,0.0
2023-02-23,21.7,18.0,0.0
2023-02-24,21.6,17.8,0.0
2023-02-25,22.4,17.8,0.0
2023-02-26,22.5,17.7,0.0
2023-02-27,22.7,17.8,0.0
2023-02-28,26.2,18.7,0.0
2023-03-01,28.8,20.2,0.0
2023-03-02,29.4,20.4,0.0
2023-03-03,24.7,18.8,0.0
2023-03-04,27.4,19.0,0.0
2023-03-05,26.3,19.1,0.0
2023-03-06,26.8,19.6,0.0
2023-03-07,27.7,20.7,0.0
2023-03-08,32.3,22.4,0.0
2023-03-09,28.4,21.0,0.0
2023-03-10,27.9,20.1,0.0
2023-03-11,28.8,20.7,0.0
2023-03-12,26.8,20.7,0.0
2023-03-13,27.9,20.8,0.0
2023-03-14,26.1,20.1,0.0
2023-03-15,24.9,19.3,0.0
2023-03-16,24.1,20.0,0.0
2023-03-17,24.4,19.5,0.0
2023-03-18,25.2,19.9,0.0
2023-03-19,26.6,20.6,0.0
2023-03-20,26.0,20.8,0.0
2023-03-21,24.4,19.7,0.0
2023-03-22,24.0,19.7,0.0
2023-03-23,23.8,19.3,0.0
2023-03-24,23.1,19.1,0.0
2023-03-25,25.6,19.8,0.0
2023-03-26,26.8,20.7,0.0
2023-03-27,27.5,21.4,0.0
2023-03-28,28.1,21.3,0.0
2023-03-29,27.5,21.2,0.0
2023-03-30,26.8,20.9,0.0
2023-03-31,30.0,21.5,0.0
2023-04-01,32.3,21.7,0.0
2023-04-02,28.7,21.7,0.0
2023-04-03,26.8,20.1,0.0
2023-04-04,26.4,19.8,0.0
2023-04-05,26.3,21.2,0.0
2023-04-06,24.9,21.1,0.0
2023-04-07,25.0,20.7,0.0
2023-04-08,24.8,20.9,0.0
2023-04-09,24.0,20.1,0.0
2023-04-10,23.1,19.8,0.0
2023-04-11,23.6,20.0,0.2
2023-04-12,25.2,20.5,0.0
2023-04-13,27.6,20.9,0.0
2023-04-14,27.7,22.0,0.0
2023-04-15,27.6,21.6,0.0
2023-04-16,28.5,21.8,0.0
2023-04-17,25.5,21.0,0.0
2023-04-18,24.5,20.3,0.0
2023-04-19,23.2,19.9,0.0
2023-04-20,23.3,19.7,0.0
2023-04-21,23.2,19.4,0.0
2023-04-22,23.5,19.7,0.0
2023-04-23,24.2,19.6,0.0
2023-04-24,24.5,19.9,0.0
2023-04-25,25.3,20.8,0.0
2023-04-26,24.1,20.4,0.0
2023-04-27,24.4,20.5,0.0
2023-04-28,24.6,20.7,0.0
2023-04-29,25.7,21.8,0.0
2023-04-30,26.1,19.5,0.0
2023-05-01,25.9,19.8,0.0
2023-05-02,25.7,20.5,0.0
2023-05-03,25.2,21.1,0.0
2023-05-04,27.8,21.8,0.0
2023-05-05,28.1,23.1,0.0
2023-05-06,25.1,21.5,0.0
2023-05-07,25.5,21.9,0.0
2023-05-08,27.0,22.2,0.0
2023-05-09,26.9,22.5,0.0
2023-05-10,26.3,22.3,0.0
2023-05-11,26.4,22.1,0.0
2023-05-12,26.2,22.3,0.0
2023-05-13,26.3,22.4,0.0
2023-05-14,26.3,22.4,0.0
2023-05-15,26.0,22.4,0.0
2023-05-16,25.5,22.4,0.0
2023-05-17,26.4,22.3,0.0
2023-05-18,27.0,23.2,0.0
2023-05-19,27.3,23.9,0.0
2023-05-20,27.0,23.3,0.0
2023-05-21,26.7,22.7,0.0
2023-05-22,26.0,22.7,0.0
2023-05-23,25.5,22.9,0.0
2023-05-24,27.3,23.7,0.0
2023-05-25,28.8,23.4,0.0
2023-05-26,27.7,22.9,0.0
2023-05-27,27.4,23.2,0.0
2023-05-28,28.6,23.2,0.0
2023-05-29,27.8,23.5,0.0
2023-05-30,28.6,24.3,0.0
2023-05-31,27.0,24.1,0.0
2023-06-01,27.1,23.6,0.0
2023-06-02,26.7,23.3,0.0
2023-06-03,26.4,22.9,0.0
2023-06-04,26.4,22.8,0.0
2023-06-05,27.9,23.1,0.0
2023-06-06,27.4,23.3,0.0
2023-06-07,28.0,23.8,0.0
2023-06-08,27.9,24.3,0.0
2023-06-09,28.5,24.5,0.0
2023-06-10,28.7,24.6,0.0
2023-06-11,29.3,24.3,0.0
2023-06-12,30.3,25.4,0.0
2023-06-13,29.5,25.5,0.0
2023-06-14,28.2,24.5,0.0
2023-06-15,28.1,24.2,0.0
2023-06-16,30.6,24.8,0.1
2023-06-17,30.2,25.7,0.0
2023-06-18,29.6,25.8,0.0
2023-06-19,30.5,25.6,0.0
2023-06-20,28.6,25.6,0.0
2023-06-21,28.7,25.2,0.0
2023-06-22,29.2,25.2,0.1
2023-06-23,29.9,26.4,0.0
2023-06-24,28.7,26.2,0.0
2023-06-25,28.4,25.3,0.0
2023-06-26,28.4,24.8,0.0
2023-06-27,28.6,25.0,0.0
2023-06-28,28.9,24.4,0.0
2023-06-29,31.8,24.9,0.0
2023-06-30,32.5,25.5,0.0
2023-07-01,29.4,26.1,0.5
2023-07-02,31.6,25.9,0.1
2023-07-03,31.0,26.4,0.0
2023-07-04,33.2,26.6,0.0
2023-07-05,30.8,26.8,0.0
2023-07-06,31.0,25.9,0.0
2023-07-07,32.6,26.1,0.3
2023-07-08,31.3,26.5,0.0
2023-07-09,30.7,25.9,0.0
2023-07-10,31.4,24.0,0.0
2023-07-11,31.0,26.4,0.2
2023-07-12,31.4,26.0,4.0
2023-07-13,32.3,26.6,0.0
2023-07-14,32.0,27.3,0.0
2023-07-15,31.7,26.5,2.0
2023-07-16,30.3,26.5,5.5
2023-07-17,30.0,26.3,0.9
2023-07-18,30.5,25.9,10.4
2023-07-19,29.8,25.6,0.8
2023-07-20,29.1,25.5,1.4
2023-07-21,30.3,26.7,0.0
2023-07-22,30.6,26.2,0.0
2023-07-23,31.1,25.5,0.0
2023-07-24,28.9,23.3,27.3
2023-07-25,29.3,24.5,12.4
2023-07-26,31.1,25.5,0.2
2023-07-27,30.6,26.8,0.2
2023-07-28,30.6,26.2,0.0
2023-07-29,30.6,25.5,8.2
2023-07-30,29.3,26.1,0.9
2023-07-31,29.1,26.1,3.3
2023-08-01,29.7,26.0,1.0
2023-08-02,29.7,26.7,0.0
2023-08-03,29.7,26.0,2.7
2023-08-04,30.2,26.7,0.1
2023-08-05,30.6,26.9,0.1
2023-08-06,31.5,26.7,0.8
2023-08-07,29.0,27.0,1.7
2023-08-08,29.3,25.7,0.2
2023-08-09,30.0,25.5,0.0
2023-08-10,30.2,26.2,0.0
2023-08-11,32.1,26.7,0.1
2023-08-12,30.4,25.2,6.9
2023-08-13,30.7,25.3,1.9
2023-08-14,30.5,26.5,4.5
2023-08-15,30.2,27.3,4.5
2023-08-16,28.4,24.7,30.5
2023-08-17,29.0,25.3,22.2
2023-08-18,29.1,26.5,0.9
2023-08-19,28.0,26.1,11.6
2023-08-20,29.3,25.2,8.3
2023-08-21,29.9,25.9,2.3
2023-08-22,29.9,26.8,0.7
2023-08-23,29.9,26.3,0.0
2023-08-24,30.2,26.0,0.1
2023-08-25,28.9,24.6,4.3
2023-08-26,29.6,24.7,0.3
2023-08-27,30.8,26.7,0.1
2023-08-28,30.5,26.1,16.7
2023-08-29,28.6,24.1,76.9
2023-08-30,28.4,25.3,18.8
2023-08-31,28.9,24.9,14.3
2023-09-01,29.6,26.9,0.5
2023-09-02,30.1,26.3,6.1
2023-09-03,31.0,26.8,0.0
2023-09-04,30.6,27.1,0.1
2023-09-05,29.1,24.7,19.2
2023-09-06,29.3,25.7,0.7
2023-09-07,29.8,26.3,0.5
2023-09-08,28.6,24.5,20.8
2023-09-09,30.3,26.9,0.0
2023-09-10,30.7,25.0,7.8
2023-09-11,29.9,25.6,7.5
2023-09-12,28.9,24.0,35.2
2023-09-13,29.5,25.3,0.0
2023-09-14,30.4,27.4,0.0
2023-09-15,30.2,27.2,0.0
2023-09-16,29.7,27.3,0.1
2023-09-17,28.9,26.4,4.5
2023-09-18,29.9,24.3,17.0
2023-09-19,29.9,24.8,0.0
2023-09-20,29.1,25.6,1.3
2023-09-21,30.3,25.2,1.9
2023-09-22,30.5,27.5,0.2
2023-09-23,29.8,26.5,5.1
2023-09-24,31.4,26.0,0.0
2023-09-25,30.3,27.4,0.0
2023-09-26,30.4,26.7,0.0
2023-09-27,30.4,27.0,0.0
2023-09-28,30.5,26.9,0.0
2023-09-29,31.4,26.1,0.0
2023-09-30,31.2,25.9,0.0
2023-10-01,30.5,25.3,0.0
2023-10-02,31.5,26.8,0.0
2023-10-03,30.9,26.6,0.0
2023-10-04,30.6,27.5,0.0
2023-10-05,31.4,26.5,0.0
2023-10-06,31.3,26.8,2.1
2023-10-07,32.2,26.4,8.8
2023-10-08,31.4,25.2,2.5
2023-10-09,31.5,26.3,0.0
2023-10-10,30.4,27.2,0.0
2023-10-11,31.4,26.6,0.0
2023-10-12,32.1,27.5,0.0
2023-10-13,30.8,27.0,1.1
2023-10-14,31.9,26.3,0.0
2023-10-15,31.7,27.7,0.0
2023-10-16,32.9,27.2,0.0
2023-10-17,31.6,26.4,0.0
2023-10-18,31.1,25.2,0.0
2023-10-19,31.8,28.0,0.0
2023-10-20,31.7,28.4,0.0
2023-10-21,30.6,27.1,0.0
2023-10-22,30.5,26.6,0.0
2023-10-23,30.2,26.7,0.0
2023-10-24,30.3,26.7,0.0
2023-10-25,31.4,27.2,0.0
2023-10-26,34.3,27.3,0.0
2023-10-27,33.4,26.6,0.0
2023-10-28,30.3,25.8,0.0
2023-10-29,30.3,24.6,0.0
2023-10-30,30.5,25.7,0.0
2023-10-31,30.4,26.6,0.0
2023-11-01,32.2,27.2,0.0
2023-11-02,32.2,26.6,0.0
2023-11-03,32.5,25.0,0.0
2023-11-04,31.8,24.6,0.0
2023-11-05,31.8,23.7,0.0
2023-11-06,32.5,25.0,0.0
2023-11-07,31.5,27.1,0.0
2023-11-08,28.8,26.0,0.0
2023-11-09,29.4,24.2,0.0
2023-11-10,30.2,24.4,0.0
2023-11-11,31.9,23.1,0.0
2023-11-12,31.5,22.6,0.0
2023-11-13,30.7,24.5,0.0
2023-11-14,31.3,25.2,0.0
2023-11-15,34.0,22.8,0.0
2023-11-16,33.9,23.6,0.0
2023-11-17,34.0,24.4,0.0
2023-11-18,31.8,23.9,0.0
2023-11-19,31.1,23.7,0.0
2023-11-20,30.2,23.3,0.0
2023-11-21,30.5,26.5,0.0
2023-11-22,32.5,25.9,0.0
2023-11-23,30.6,25.0,0.0
2023-11-24,29.4,25.2,0.0
2023-11-25,28.5,24.7,0.0
2023-11-26,29.3,22.9,0.0
2023-11-27,30.6,22.9,0.0
2023-11-28,29.3,21.0,0.0
2023-11-29,31.4,23.9,0.0
2023-11-30,32.1,23.3,0.0
2023-12-01,29.6,24.6,0.0
2023-12-02,29.5,25.0,0.0
2023-12-03,29.3,24.9,0.0
2023-12-04,29.2,24.4,0.0
2023-12-05,27.2,24.1,0.0
2023-12-06,30.0,23.2,0.0
2023-12-07,31.6,23.7,0.0
2023-12-08,29.7,23.7,0.0
2023-12-09,36.6,23.6,0.0
2023-12-10,32.6,23.7,0.0
2023-12-11,31.9,22.4,0.0
2023-12-12,32.0,22.1,0.0
2023-12-13,31.1,22.9,0.0
2023-12-14,33.7,22.6,0.0
2023-12-15,32.2,21.7,0.0
2023-12-16,31.9,22.1,0.0
2023-12-17,30.9,21.0,0.0
2023-12-18,30.2,21.1,0.0
2023-12-19,28.2,20.4,0.0
2023-12-20,26.8,18.1,0.0
2023-12-21,26.8,18.5,0.0
2023-12-22,26.1,17.9,0.0
2023-12-23,27.3,18.6,0.0
2023-12-24,28.7,21.0,0.0
2023-12-25,28.6,22.0,0.0
2023-12-26,28.9,22.6,0.0
2023-12-27,29.5,22.8,0.0
2023-12-28,30.3,23.4,0.0
2023-12-29,35.2,22.5,0.0
2023-12-30,35.0,20.9,0.0
2023-12-31,30.6,22.2,0.0
2024-01-01,28.7,22.0,0.0
2024-01-02,29.3,22.3,0.0
2024-01-03,29.1,22.1,0.0
2024-01-04,29.5,21.7,0.0
2024-01-05,30.7,21.9,0.0
2024-01-06,34.3,22.0,0.0
2024-01-07,33.5,20.0,0.0
2024-01-08,29.8,21.1,0.0
2024-01-09,28.4,21.6,0.0
2024-01-10,27.6,21.4,0.0
2024-01-11,27.5,20.8,0.0
2024-01-12,27.6,21.7,0.0
2024-01-13,29.0,22.4,0.0
2024-01-14,35.3,23.0,0.0
2024-01-15,33.2,21.6,0.0
2024-01-16,33.5,21.4,0.0
2024-01-17,29.8,20.8,0.0
2024-01-18,28.0,21.7,0.0
2024-01-19,25.4,22.2,0.0
2024-01-20,25.6,21.5,0.0
2024-01-21,26.0,21.3,0.0
2024-01-22,31.5,22.7,0.0
2024-01-23,32.0,23.4,0.0
2024-01-24,31.2,22.1,0.0
2024-01-25,32.5,20.8,0.0
2024-01-26,33.1,21.3,0.0
2024-01-27,32.4,21.2,0.0
2024-01-28,31.1,21.1,0.0
2024-01-29,29.9,20.4,0.0
2024-01-30,31.0,20.4,0.0
2024-01-31,32.6,20.5,0.0
2024-02-01,32.9,22.6,0.0
2024-02-02,33.0,22.2,0.0
2024-02-03,34.1,21.6,0.0
2024-02-04,32.1,20.8,0.0
2024-02-05,33.5,20.7,0.0
2024-02-06,35.6,21.6,0.0
2024-02-07,36.6,23.5,0.0
2024-02-08,34.1,23.0,0.0
2024-02-09,30.6,22.3,0.0
2024-02-10,28.2,22.0,0.0
2024-02-11,28.9,20.9,0.0
2024-02-12,30.2,21.3,0.0
2024-02-13,28.8,21.5,0.0
2024-02-14,27.0,22.1,0.0
2024-02-15,27.2,22.2,0.0
2024-02-16,29.8,22.8,0.0
2024-02-17,34.6,23.1,0.0
2024-02-18,32.7,23.0,0.0
2024-02-19,38.7,22.7,0.0
2024-02-20,32.6,23.7,0.0
2024-02-21,30.7,22.1,0.0
2024-02-22,32.1,22.3,0.0
2024-02-23,30.6,22.4,0.0
2024-02-24,27.9,21.6,0.0
2024-02-25,27.7,20.3,0.0
2024-02-26,27.6,20.1,0.0
2024-02-27,26.7,20.3,0.0
2024-02-28,27.4,19.9,0.0
2024-02-29,26.0,20.7,0.0
2024-03-01,26.2,20.3,0.0
2024-03-02,25.7,20.4,0.0
2024-03-03,25.6,20.1,0.0
2024-03-04,27.1,20.0,0.0
2024-03-05,27.0,19.9,0.0
2024-03-06,25.7,19.2,0.0
2024-03-07,24.2,19.6,0.0
2024-03-08,24.2,19.4,0.0
2024-03-09,24.5,19.9,0.0
2024-03-10,25.3,19.6,0.0
2024-03-11,25.6,19.3,0.0
2024-03-12,26.0,18.8,0.0
2024-03-13,25.1,19.4,0.0
2024-03-14,25.5,18.8,0.0
2024-03-15,29.2,19.7,0.0
2024-03-16,28.8,20.8,0.0
2024-03-17,29.9,21.0,0.0
2024-03-18,26.1,20.4,0.0
2024-03-19,25.2,19.3,0.0
2024-03-20,24.9,19.1,0.0
2024-03-21,26.5,19.8,0.0
2024-03-22,24.3,20.0,0.0
2024-03-23,22.5,18.9,0.0
2024-03-24,23.9,18.8,0.0
2024-03-25,23.1,18.5,0.0
2024-03-26,23.7,18.6,0.0
2024-03-27,24.5,19.0,0.0
2024-03-28,24.8,18.9,0.0
2024-03-29,22.8,18.9,0.0
2024-03-30,22.9,18.5,0.0
2024-03-31,23.8,18.4,0.0
2024-04-01,25.0,19.4,0.0
2024-04-02,25.4,20.0,0.0
2024-04-03,27.9,20.6,0.0
2024-04-04,27.4,20.4,0.0
2024-04-05,27.0,19.0,0.0
2024-04-06,23.5,18.9,0.0
2024-04-07,24.3,18.8,0.0
2024-04-08,24.3,19.2,0.0
2024-04-09,25.3,19.1,0.0
2024-04-10,24.5,18.7,0.0
2024-04-11,26.0,19.1,0.0
2024-04-12,26.8,20.4,0.0
2024-04-13,29.7,21.3,0.0
2024-04-14,33.3,22.1,0.0
2024-04-15,36.4,18.1,0.0
2024-04-16,35.4,22.9,0.0
2024-04-17,31.3,22.9,0.0
2024-04-18,31.8,22.5,0.0
2024-04-19,28.5,22.4,0.0
2024-04-20,27.0,21.6,0.0
2024-04-21,24.8,20.5,0.0
2024-04-22,25.2,19.7,0.0
2024-04-23,25.2,19.8,0.0
2024-04-24,25.9,20.3,0.0
2024-04-25,27.2,20.9,0.0
2024-04-26,29.1,22.1,0.0
2024-04-27,27.3,22.6,0.0
2024-04-28,27.4,22.7,0.0
2024-04-29,28.6,22.6,0.0
2024-04-30,33.4,24.1,0.0
2024-05-01,30.2,23.4,0.0
2024-05-02,28.1,22.1,0.0
2024-05-03,28.3,22.1,0.0
2024-05-04,27.4,22.3,0.0
2024-05-05,27.9,21.8,0.0
2024-05-06,27.9,21.4,0.0
2024-05-07,29.3,20.0,0.0
2024-05-08,28.1,19.8,0.0
2024-05-09,29.6,20.2,0.0
2024-05-10,28.3,21.9,0.0
2024-05-11,27.8,22.0,0.0
2024-05-12,28.4,23.4,0.0
2024-05-13,27.8,20.9,0.0
2024-05-14,27.1,22.3,0.0
2024-05-15,26.0,21.0,0.0
2024-05-16,26.2,21.1,0.0
2024-05-17,26.3,21.1,0.0
2024-05-18,26.8,22.0,0.0
2024-05-19,26.8,22.4,0.0
2024-05-20,27.4,22.7,0.0
2024-05-21,28.0,23.4,0.0
2024-05-22,27.9,23.3,0.0
2024-05-23,26.3,22.2,0.0
2024-05-24,27.1,20.8,0.0
2024-05-25,28.2,22.0,0.0
2024-05-26,30.3,22.4,0.0
2024-05-27,29.4,21.6,0.0
2024-05-28,29.1,23.5,0.0
2024-05-29,27.9,22.3,0.0
2024-05-30,26.1,22.5,0.0
2024-05-31,25.8,22.0,0.0
2024-06-01,25.5,21.6,0.0
2024-06-02,25.8,21.6,0.0
2024-06-03,26.2,21.5,0.0
2024-06-04,26.5,21.9,0.0
2024-06-05,27.0,22.2,0.0
2024-06-06,27.3,22.6,0.0
2024-06-07,27.4,22.7,0.0
2024-06-08,27.3,22.1,0.0
2024-06-09,27.1,22.2,0.0
2024-06-10,29.1,21.8,0.0
2024-06-11,29.0,23.0,0.0
2024-06-12,28.1,23.4,0.0
2024-06-13,27.8,23.8,0.0
2024-06-14,28.3,22.1,0.0
2024-06-15,30.1,23.7,1.4
2024-06-16,28.9,24.3,0.0
2024-06-17,27.6,23.2,0.0
2024-06-18,31.7,23.3,0.2
2024-06-19,28.9,24.1,6.1
2024-06-20,29.3,24.0,0.0
2024-06-21,28.2,23.9,0.0
2024-06-22,29.2,23.0,0.0
2024-06-23,28.3,23.7,0.0
2024-06-24,28.0,23.2,0.0
2024-06-25,27.6,23.3,0.0
2024-06-26,27.3,23.3,0.0
2024-06-27,27.8,23.5,0.0
2024-06-28,30.0,24.0,0.0
2024-06-29,30.0,23.9,0.0
2024-06-30,29.8,24.4,0.0
2024-07-01,30.2,24.6,0.0
2024-07-02,30.2,25.3,0.0
2024-07-03,30.7,25.5,0.9
2024-07-04,28.6,24.7,0.5
2024-07-05,28.5,24.5,0.4
2024-07-06,30.4,25.3,0.0
2024-07-07,30.5,25.5,4.1
2024-07-08,28.7,25.6,1.6
2024-07-09,28.4,24.7,0.0
2024-07-10,29.8,22.7,0.0
2024-07-11,30.8,25.6,0.0
2024-07-12,29.5,26.0,1.4
2024-07-13,28.8,25.6,1.3
2024-07-14,29.6,25.6,0.9
2024-07-15,30.5,26.1,1.2
2024-07-16,30.0,25.8,1.6
2024-07-17,29.2,26.0,0.1
2024-07-18,28.8,25.3,3.0
2024-07-19,31.4,24.8,0.1
2024-07-20,29.8,26.7,2.7
2024-07-21,30.7,25.7,0.0
2024-07-22,32.1,26.8,0.3
2024-07-23,30.7,26.1,3.1
2024-07-24,30.3,25.1,1.9
2024-07-25,29.2,25.1,9.6
2024-07-26,28.2,24.7,7.6
2024-07-27,29.2,25.9,0.1
2024-07-28,29.1,26.0,0.0
2024-07-29,30.3,25.7,0.0
2024-07-30,29.0,25.7,0.6
2024-07-31,29.0,25.7,0.2
2024-08-01,29.7,25.3,0.0
2024-08-02,30.0,25.3,0.1
2024-08-03,30.8,25.8,0.0
2024-08-04,28.2,24.9,18.0
2024-08-05,28.2,24.8,35.2
2024-08-06,29.3,25.1,3.8
2024-08-07,29.6,25.1,5.3
2024-08-08,30.0,25.9,2.7
2024-08-09,29.9,26.5,1.1
2024-08-10,30.0,26.0,0.2
2024-08-11,30.6,26.6,0.2
2024-08-12,31.3,26.5,0.9
2024-08-13,30.1,26.8,1.9
2024-08-14,29.7,26.4,1.0
2024-08-15,29.6,26.5,1.1
2024-08-16,30.1,26.2,3.9
2024-08-17,30.7,26.3,2.2
2024-08-18,30.1,25.9,2.6
2024-08-19,27.9,25.4,17.2
2024-08-20,28.4,24.9,16.7
2024-08-21,28.8,25.3,2.0
2024-08-22,30.0,25.5,0.6
2024-08-23,29.9,26.2,0.0
2024-08-24,28.4,26.9,2.7
2024-08-25,30.3,26.4,2.4
2024-08-26,29.4,25.5,3.7
2024-08-27,30.4,26.9,1.5
2024-08-28,30.4,27.7,1.0
2024-08-29,29.9,27.1,0.6
2024-08-30,30.1,26.4,1.5
2024-08-31,30.0,26.7,2.5
2024-09-01,30.6,26.8,5.5
2024-09-02,30.0,26.6,0.2
2024-09-03,30.3,27.1,1.5
2024-09-04,30.2,26.6,0.2
2024-09-05,29.5,26.7,0.0
2024-09-06,29.5,26.5,0.1
2024-09-07,29.0,26.5,0.3
2024-09-08,29.8,25.5,0.0
2024-09-09,30.3,24.3,12.9
2024-09-10,29.8,24.8,2.8
2024-09-11,29.6,25.4,5.2
2024-09-12,30.5,27.0,0.0
2024-09-13,30.3,26.4,0.0
2024-09-14,30.6,25.7,2.7
2024-09-15,29.3,25.9,0.8
2024-09-16,30.3,25.7,0.7
2024-09-17,27.7,24.0,32.1
2024-09-18,29.3,25.9,0.0
2024-09-19,29.4,26.0,0.0
2024-09-20,29.0,25.7,0.0
2024-09-21,29.4,26.1,0.3
2024-09-22,28.0,24.8,12.4
2024-09-23,29.5,24.8,3.9
2024-09-24,29.3,24.4,4.3
2024-09-25,29.8,24.9,21.2
2024-09-26,26.7,23.9,19.1
2024-09-27,28.7,24.2,1.0
2024-09-28,30.4,25.1,0.0
2024-09-29,29.9,25.6,0.1
2024-09-30,30.7,26.1,0.1
2024-10-01,29.9,26.6,0.0
2024-10-02,29.7,26.3,0.0
2024-10-03,29.5,25.5,0.0
2024-10-04,28.5,25.4,1.5
2024-10-05,30.7,24.1,0.0
2024-10-06,29.6,25.1,0.0
2024-10-07,29.9,26.3,0.0
2024-10-08,30.3,25.4,0.0
2024-10-09,30.7,26.3,2.7
2024-10-10,27.7,24.4,7.3
2024-10-11,29.6,24.8,1.5
2024-10-12,30.0,25.9,0.1
2024-10-13,29.7,26.6,0.0
2024-10-14,29.6,26.4,0.0
2024-10-15,30.3,25.2,0.0
2024-10-16,30.8,26.3,0.1
2024-10-17,31.6,26.2,0.0
2024-10-18,30.9,25.9,0.2
2024-10-19,32.0,24.8,0.0
2024-10-20,31.4,26.2,0.0
2024-10-21,31.8,25.3,0.0
2024-10-22,34.9,25.0,0.0
2024-10-23,32.4,23.5,0.0
2024-10-24,32.5,25.1,0.0
2024-10-25,34.0,24.0,0.0
2024-10-26,36.6,26.0,0.0
2024-10-27,32.1,27.2,0.0
2024-10-28,31.2,26.6,0.0
2024-10-29,31.2,26.2,0.0
2024-10-30,31.2,26.4,0.0
2024-10-31,31.6,26.1,0.0
2024-11-01,31.6,25.8,0.0
2024-11-02,31.0,26.0,0.0
2024-11-03,29.9,25.6,0.0
2024-11-04,29.9,24.7,0.0
2024-11-05,31.2,24.8,0.0
2024-11-06,34.4,23.5,0.0
2024-11-07,34.3,22.2,0.0
2024-11-08,34.8,23.5,0.0
2024-11-09,34.5,22.3,0.0
2024-11-10,35.3,23.3,0.0
2024-11-11,36.7,25.1,0.0
2024-11-12,31.2,25.3,0.0
2024-11-13,29.9,24.5,0.0
2024-11-14,28.7,24.0,0.0
2024-11-15,28.2,24.3,0.0
2024-11-16,28.0,25.1,0.0
2024-11-17,28.3,25.4,0.0
2024-11-18,29.2,26.0,0.0
2024-11-19,30.5,25.5,0.0
2024-11-20,34.0,24.8,0.0
2024-11-21,32.4,25.0,0.0
2024-11-22,32.3,25.2,0.0
2024-11-23,32.4,24.8,0.0
2024-11-24,31.8,24.9,0.0
2024-11-25,30.5,25.6,0.0
2024-11-26,32.3,25.1,0.0
2024-11-27,35.0,23.9,0.0
2024-11-28,34.8,24.5,0.0
2024-11-29,35.1,24.5,0.0
2024-11-30,34.3,23.5,0.0
2024-12-01,32.5,23.8,0.0
2024-12-02,32.5,23.9,0.0
2024-12-03,28.0,24.7,0.0
2024-12-04,26.9,22.6,1.0
2024-12-05,29.8,24.7,0.3
2024-12-06,27.7,24.3,0.0
2024-12-07,30.5,21.3,0.0
2024-12-08,32.7,21.9,0.0
2024-12-09,32.4,21.9,0.0
2024-12-10,28.9,23.5,0.0
2024-12-11,26.8,22.8,0.0
2024-12-12,27.1,23.0,0.0
